:0200000460009A
:100000004643464200000156000000000103030081
:1000100000000000000000000000000000000000E0
:1000200000000000000000000000000000000000D0
:1000300000000000000000000000000000000000C0
:1000400000000000010408000000000000000000A3
:100050000000200000000000000000000000000080
:100060000000000000000000000000000000000090
:100070000000000000000000000000000000000080
:10008000EB04180A063204260000000000000000FD
:10009000050404240000000000000000000000002F
:1000A0000000000000000000000000000000000050
:1000B0000604000000000000000000000000000036
:1000C0000000000000000000000000000000000030
:1000D00020041808000000000000000000000000DC
:1000E0000000000000000000000000000000000010
:1000F0000000000000000000000000000000000000
:10010000D8041808000000000000000000000000F3
:100110000204180804200000000000000000000095
:1001200000000000000000000000000000000000CF
:10013000600400000000000000000000000000005B
:1001400000000000000000000000000000000000AF
:10015000000000000000000000000000000000009F
:10016000000000000000000000000000000000008F
:10017000000000000000000000000000000000007F
:10018000000000000000000000000000000000006F
:10019000000000000000000000000000000000005F
:1001A000000000000000000000000000000000004F
:1001B000000000000000000000000000000000003F
:1001C000000100000010000001000000000000001D
:1001D000000001000000000000000000000000001E
:1001E000000000000000000000000000000000000F
:1001F00000000000000000000000000000000000FF
:10020000FFFFFFFFFFFFFFFFFFFFFFFFFFFFFFFFFE
:10021000FFFFFFFFFFFFFFFFFFFFFFFFFFFFFFFFEE
:10022000FFFFFFFFFFFFFFFFFFFFFFFFFFFFFFFFDE
:10023000FFFFFFFFFFFFFFFFFFFFFFFFFFFFFFFFCE
:10024000FFFFFFFFFFFFFFFFFFFFFFFFFFFFFFFFBE
:10025000FFFFFFFFFFFFFFFFFFFFFFFFFFFFFFFFAE
:10026000FFFFFFFFFFFFFFFFFFFFFFFFFFFFFFFF9E
:10027000FFFFFFFFFFFFFFFFFFFFFFFFFFFFFFFF8E
:10028000FFFFFFFFFFFFFFFFFFFFFFFFFFFFFFFF7E
:10029000FFFFFFFFFFFFFFFFFFFFFFFFFFFFFFFF6E
:1002A000FFFFFFFFFFFFFFFFFFFFFFFFFFFFFFFF5E
:1002B000FFFFFFFFFFFFFFFFFFFFFFFFFFFFFFFF4E
:1002C000FFFFFFFFFFFFFFFFFFFFFFFFFFFFFFFF3E
:1002D000FFFFFFFFFFFFFFFFFFFFFFFFFFFFFFFF2E
:1002E000FFFFFFFFFFFFFFFFFFFFFFFFFFFFFFFF1E
:1002F000FFFFFFFFFFFFFFFFFFFFFFFFFFFFFFFF0E
:10030000FFFFFFFFFFFFFFFFFFFFFFFFFFFFFFFFFD
:10031000FFFFFFFFFFFFFFFFFFFFFFFFFFFFFFFFED
:10032000FFFFFFFFFFFFFFFFFFFFFFFFFFFFFFFFDD
:10033000FFFFFFFFFFFFFFFFFFFFFFFFFFFFFFFFCD
:10034000FFFFFFFFFFFFFFFFFFFFFFFFFFFFFFFFBD
:10035000FFFFFFFFFFFFFFFFFFFFFFFFFFFFFFFFAD
:10036000FFFFFFFFFFFFFFFFFFFFFFFFFFFFFFFF9D
:10037000FFFFFFFFFFFFFFFFFFFFFFFFFFFFFFFF8D
:10038000FFFFFFFFFFFFFFFFFFFFFFFFFFFFFFFF7D
:10039000FFFFFFFFFFFFFFFFFFFFFFFFFFFFFFFF6D
:1003A000FFFFFFFFFFFFFFFFFFFFFFFFFFFFFFFF5D
:1003B000FFFFFFFFFFFFFFFFFFFFFFFFFFFFFFFF4D
:1003C000FFFFFFFFFFFFFFFFFFFFFFFFFFFFFFFF3D
:1003D000FFFFFFFFFFFFFFFFFFFFFFFFFFFFFFFF2D
:1003E000FFFFFFFFFFFFFFFFFFFFFFFFFFFFFFFF1D
:1003F000FFFFFFFFFFFFFFFFFFFFFFFFFFFFFFFF0D
:10040000FFFFFFFFFFFFFFFFFFFFFFFFFFFFFFFFFC
:10041000FFFFFFFFFFFFFFFFFFFFFFFFFFFFFFFFEC
:10042000FFFFFFFFFFFFFFFFFFFFFFFFFFFFFFFFDC
:10043000FFFFFFFFFFFFFFFFFFFFFFFFFFFFFFFFCC
:10044000FFFFFFFFFFFFFFFFFFFFFFFFFFFFFFFFBC
:10045000FFFFFFFFFFFFFFFFFFFFFFFFFFFFFFFFAC
:10046000FFFFFFFFFFFFFFFFFFFFFFFFFFFFFFFF9C
:10047000FFFFFFFFFFFFFFFFFFFFFFFFFFFFFFFF8C
:10048000FFFFFFFFFFFFFFFFFFFFFFFFFFFFFFFF7C
:10049000FFFFFFFFFFFFFFFFFFFFFFFFFFFFFFFF6C
:1004A000FFFFFFFFFFFFFFFFFFFFFFFFFFFFFFFF5C
:1004B000FFFFFFFFFFFFFFFFFFFFFFFFFFFFFFFF4C
:1004C000FFFFFFFFFFFFFFFFFFFFFFFFFFFFFFFF3C
:1004D000FFFFFFFFFFFFFFFFFFFFFFFFFFFFFFFF2C
:1004E000FFFFFFFFFFFFFFFFFFFFFFFFFFFFFFFF1C
:1004F000FFFFFFFFFFFFFFFFFFFFFFFFFFFFFFFF0C
:10050000FFFFFFFFFFFFFFFFFFFFFFFFFFFFFFFFFB
:10051000FFFFFFFFFFFFFFFFFFFFFFFFFFFFFFFFEB
:10052000FFFFFFFFFFFFFFFFFFFFFFFFFFFFFFFFDB
:10053000FFFFFFFFFFFFFFFFFFFFFFFFFFFFFFFFCB
:10054000FFFFFFFFFFFFFFFFFFFFFFFFFFFFFFFFBB
:10055000FFFFFFFFFFFFFFFFFFFFFFFFFFFFFFFFAB
:10056000FFFFFFFFFFFFFFFFFFFFFFFFFFFFFFFF9B
:10057000FFFFFFFFFFFFFFFFFFFFFFFFFFFFFFFF8B
:10058000FFFFFFFFFFFFFFFFFFFFFFFFFFFFFFFF7B
:10059000FFFFFFFFFFFFFFFFFFFFFFFFFFFFFFFF6B
:1005A000FFFFFFFFFFFFFFFFFFFFFFFFFFFFFFFF5B
:1005B000FFFFFFFFFFFFFFFFFFFFFFFFFFFFFFFF4B
:1005C000FFFFFFFFFFFFFFFFFFFFFFFFFFFFFFFF3B
:1005D000FFFFFFFFFFFFFFFFFFFFFFFFFFFFFFFF2B
:1005E000FFFFFFFFFFFFFFFFFFFFFFFFFFFFFFFF1B
:1005F000FFFFFFFFFFFFFFFFFFFFFFFFFFFFFFFF0B
:10060000FFFFFFFFFFFFFFFFFFFFFFFFFFFFFFFFFA
:10061000FFFFFFFFFFFFFFFFFFFFFFFFFFFFFFFFEA
:10062000FFFFFFFFFFFFFFFFFFFFFFFFFFFFFFFFDA
:10063000FFFFFFFFFFFFFFFFFFFFFFFFFFFFFFFFCA
:10064000FFFFFFFFFFFFFFFFFFFFFFFFFFFFFFFFBA
:10065000FFFFFFFFFFFFFFFFFFFFFFFFFFFFFFFFAA
:10066000FFFFFFFFFFFFFFFFFFFFFFFFFFFFFFFF9A
:10067000FFFFFFFFFFFFFFFFFFFFFFFFFFFFFFFF8A
:10068000FFFFFFFFFFFFFFFFFFFFFFFFFFFFFFFF7A
:10069000FFFFFFFFFFFFFFFFFFFFFFFFFFFFFFFF6A
:1006A000FFFFFFFFFFFFFFFFFFFFFFFFFFFFFFFF5A
:1006B000FFFFFFFFFFFFFFFFFFFFFFFFFFFFFFFF4A
:1006C000FFFFFFFFFFFFFFFFFFFFFFFFFFFFFFFF3A
:1006D000FFFFFFFFFFFFFFFFFFFFFFFFFFFFFFFF2A
:1006E000FFFFFFFFFFFFFFFFFFFFFFFFFFFFFFFF1A
:1006F000FFFFFFFFFFFFFFFFFFFFFFFFFFFFFFFF0A
:10070000FFFFFFFFFFFFFFFFFFFFFFFFFFFFFFFFF9
:10071000FFFFFFFFFFFFFFFFFFFFFFFFFFFFFFFFE9
:10072000FFFFFFFFFFFFFFFFFFFFFFFFFFFFFFFFD9
:10073000FFFFFFFFFFFFFFFFFFFFFFFFFFFFFFFFC9
:10074000FFFFFFFFFFFFFFFFFFFFFFFFFFFFFFFFB9
:10075000FFFFFFFFFFFFFFFFFFFFFFFFFFFFFFFFA9
:10076000FFFFFFFFFFFFFFFFFFFFFFFFFFFFFFFF99
:10077000FFFFFFFFFFFFFFFFFFFFFFFFFFFFFFFF89
:10078000FFFFFFFFFFFFFFFFFFFFFFFFFFFFFFFF79
:10079000FFFFFFFFFFFFFFFFFFFFFFFFFFFFFFFF69
:1007A000FFFFFFFFFFFFFFFFFFFFFFFFFFFFFFFF59
:1007B000FFFFFFFFFFFFFFFFFFFFFFFFFFFFFFFF49
:1007C000FFFFFFFFFFFFFFFFFFFFFFFFFFFFFFFF39
:1007D000FFFFFFFFFFFFFFFFFFFFFFFFFFFFFFFF29
:1007E000FFFFFFFFFFFFFFFFFFFFFFFFFFFFFFFF19
:1007F000FFFFFFFFFFFFFFFFFFFFFFFFFFFFFFFF09
:10080000FFFFFFFFFFFFFFFFFFFFFFFFFFFFFFFFF8
:10081000FFFFFFFFFFFFFFFFFFFFFFFFFFFFFFFFE8
:10082000FFFFFFFFFFFFFFFFFFFFFFFFFFFFFFFFD8
:10083000FFFFFFFFFFFFFFFFFFFFFFFFFFFFFFFFC8
:10084000FFFFFFFFFFFFFFFFFFFFFFFFFFFFFFFFB8
:10085000FFFFFFFFFFFFFFFFFFFFFFFFFFFFFFFFA8
:10086000FFFFFFFFFFFFFFFFFFFFFFFFFFFFFFFF98
:10087000FFFFFFFFFFFFFFFFFFFFFFFFFFFFFFFF88
:10088000FFFFFFFFFFFFFFFFFFFFFFFFFFFFFFFF78
:10089000FFFFFFFFFFFFFFFFFFFFFFFFFFFFFFFF68
:1008A000FFFFFFFFFFFFFFFFFFFFFFFFFFFFFFFF58
:1008B000FFFFFFFFFFFFFFFFFFFFFFFFFFFFFFFF48
:1008C000FFFFFFFFFFFFFFFFFFFFFFFFFFFFFFFF38
:1008D000FFFFFFFFFFFFFFFFFFFFFFFFFFFFFFFF28
:1008E000FFFFFFFFFFFFFFFFFFFFFFFFFFFFFFFF18
:1008F000FFFFFFFFFFFFFFFFFFFFFFFFFFFFFFFF08
:10090000FFFFFFFFFFFFFFFFFFFFFFFFFFFFFFFFF7
:10091000FFFFFFFFFFFFFFFFFFFFFFFFFFFFFFFFE7
:10092000FFFFFFFFFFFFFFFFFFFFFFFFFFFFFFFFD7
:10093000FFFFFFFFFFFFFFFFFFFFFFFFFFFFFFFFC7
:10094000FFFFFFFFFFFFFFFFFFFFFFFFFFFFFFFFB7
:10095000FFFFFFFFFFFFFFFFFFFFFFFFFFFFFFFFA7
:10096000FFFFFFFFFFFFFFFFFFFFFFFFFFFFFFFF97
:10097000FFFFFFFFFFFFFFFFFFFFFFFFFFFFFFFF87
:10098000FFFFFFFFFFFFFFFFFFFFFFFFFFFFFFFF77
:10099000FFFFFFFFFFFFFFFFFFFFFFFFFFFFFFFF67
:1009A000FFFFFFFFFFFFFFFFFFFFFFFFFFFFFFFF57
:1009B000FFFFFFFFFFFFFFFFFFFFFFFFFFFFFFFF47
:1009C000FFFFFFFFFFFFFFFFFFFFFFFFFFFFFFFF37
:1009D000FFFFFFFFFFFFFFFFFFFFFFFFFFFFFFFF27
:1009E000FFFFFFFFFFFFFFFFFFFFFFFFFFFFFFFF17
:1009F000FFFFFFFFFFFFFFFFFFFFFFFFFFFFFFFF07
:100A0000FFFFFFFFFFFFFFFFFFFFFFFFFFFFFFFFF6
:100A1000FFFFFFFFFFFFFFFFFFFFFFFFFFFFFFFFE6
:100A2000FFFFFFFFFFFFFFFFFFFFFFFFFFFFFFFFD6
:100A3000FFFFFFFFFFFFFFFFFFFFFFFFFFFFFFFFC6
:100A4000FFFFFFFFFFFFFFFFFFFFFFFFFFFFFFFFB6
:100A5000FFFFFFFFFFFFFFFFFFFFFFFFFFFFFFFFA6
:100A6000FFFFFFFFFFFFFFFFFFFFFFFFFFFFFFFF96
:100A7000FFFFFFFFFFFFFFFFFFFFFFFFFFFFFFFF86
:100A8000FFFFFFFFFFFFFFFFFFFFFFFFFFFFFFFF76
:100A9000FFFFFFFFFFFFFFFFFFFFFFFFFFFFFFFF66
:100AA000FFFFFFFFFFFFFFFFFFFFFFFFFFFFFFFF56
:100AB000FFFFFFFFFFFFFFFFFFFFFFFFFFFFFFFF46
:100AC000FFFFFFFFFFFFFFFFFFFFFFFFFFFFFFFF36
:100AD000FFFFFFFFFFFFFFFFFFFFFFFFFFFFFFFF26
:100AE000FFFFFFFFFFFFFFFFFFFFFFFFFFFFFFFF16
:100AF000FFFFFFFFFFFFFFFFFFFFFFFFFFFFFFFF06
:100B0000FFFFFFFFFFFFFFFFFFFFFFFFFFFFFFFFF5
:100B1000FFFFFFFFFFFFFFFFFFFFFFFFFFFFFFFFE5
:100B2000FFFFFFFFFFFFFFFFFFFFFFFFFFFFFFFFD5
:100B3000FFFFFFFFFFFFFFFFFFFFFFFFFFFFFFFFC5
:100B4000FFFFFFFFFFFFFFFFFFFFFFFFFFFFFFFFB5
:100B5000FFFFFFFFFFFFFFFFFFFFFFFFFFFFFFFFA5
:100B6000FFFFFFFFFFFFFFFFFFFFFFFFFFFFFFFF95
:100B7000FFFFFFFFFFFFFFFFFFFFFFFFFFFFFFFF85
:100B8000FFFFFFFFFFFFFFFFFFFFFFFFFFFFFFFF75
:100B9000FFFFFFFFFFFFFFFFFFFFFFFFFFFFFFFF65
:100BA000FFFFFFFFFFFFFFFFFFFFFFFFFFFFFFFF55
:100BB000FFFFFFFFFFFFFFFFFFFFFFFFFFFFFFFF45
:100BC000FFFFFFFFFFFFFFFFFFFFFFFFFFFFFFFF35
:100BD000FFFFFFFFFFFFFFFFFFFFFFFFFFFFFFFF25
:100BE000FFFFFFFFFFFFFFFFFFFFFFFFFFFFFFFF15
:100BF000FFFFFFFFFFFFFFFFFFFFFFFFFFFFFFFF05
:100C0000FFFFFFFFFFFFFFFFFFFFFFFFFFFFFFFFF4
:100C1000FFFFFFFFFFFFFFFFFFFFFFFFFFFFFFFFE4
:100C2000FFFFFFFFFFFFFFFFFFFFFFFFFFFFFFFFD4
:100C3000FFFFFFFFFFFFFFFFFFFFFFFFFFFFFFFFC4
:100C4000FFFFFFFFFFFFFFFFFFFFFFFFFFFFFFFFB4
:100C5000FFFFFFFFFFFFFFFFFFFFFFFFFFFFFFFFA4
:100C6000FFFFFFFFFFFFFFFFFFFFFFFFFFFFFFFF94
:100C7000FFFFFFFFFFFFFFFFFFFFFFFFFFFFFFFF84
:100C8000FFFFFFFFFFFFFFFFFFFFFFFFFFFFFFFF74
:100C9000FFFFFFFFFFFFFFFFFFFFFFFFFFFFFFFF64
:100CA000FFFFFFFFFFFFFFFFFFFFFFFFFFFFFFFF54
:100CB000FFFFFFFFFFFFFFFFFFFFFFFFFFFFFFFF44
:100CC000FFFFFFFFFFFFFFFFFFFFFFFFFFFFFFFF34
:100CD000FFFFFFFFFFFFFFFFFFFFFFFFFFFFFFFF24
:100CE000FFFFFFFFFFFFFFFFFFFFFFFFFFFFFFFF14
:100CF000FFFFFFFFFFFFFFFFFFFFFFFFFFFFFFFF04
:100D0000FFFFFFFFFFFFFFFFFFFFFFFFFFFFFFFFF3
:100D1000FFFFFFFFFFFFFFFFFFFFFFFFFFFFFFFFE3
:100D2000FFFFFFFFFFFFFFFFFFFFFFFFFFFFFFFFD3
:100D3000FFFFFFFFFFFFFFFFFFFFFFFFFFFFFFFFC3
:100D4000FFFFFFFFFFFFFFFFFFFFFFFFFFFFFFFFB3
:100D5000FFFFFFFFFFFFFFFFFFFFFFFFFFFFFFFFA3
:100D6000FFFFFFFFFFFFFFFFFFFFFFFFFFFFFFFF93
:100D7000FFFFFFFFFFFFFFFFFFFFFFFFFFFFFFFF83
:100D8000FFFFFFFFFFFFFFFFFFFFFFFFFFFFFFFF73
:100D9000FFFFFFFFFFFFFFFFFFFFFFFFFFFFFFFF63
:100DA000FFFFFFFFFFFFFFFFFFFFFFFFFFFFFFFF53
:100DB000FFFFFFFFFFFFFFFFFFFFFFFFFFFFFFFF43
:100DC000FFFFFFFFFFFFFFFFFFFFFFFFFFFFFFFF33
:100DD000FFFFFFFFFFFFFFFFFFFFFFFFFFFFFFFF23
:100DE000FFFFFFFFFFFFFFFFFFFFFFFFFFFFFFFF13
:100DF000FFFFFFFFFFFFFFFFFFFFFFFFFFFFFFFF03
:100E0000FFFFFFFFFFFFFFFFFFFFFFFFFFFFFFFFF2
:100E1000FFFFFFFFFFFFFFFFFFFFFFFFFFFFFFFFE2
:100E2000FFFFFFFFFFFFFFFFFFFFFFFFFFFFFFFFD2
:100E3000FFFFFFFFFFFFFFFFFFFFFFFFFFFFFFFFC2
:100E4000FFFFFFFFFFFFFFFFFFFFFFFFFFFFFFFFB2
:100E5000FFFFFFFFFFFFFFFFFFFFFFFFFFFFFFFFA2
:100E6000FFFFFFFFFFFFFFFFFFFFFFFFFFFFFFFF92
:100E7000FFFFFFFFFFFFFFFFFFFFFFFFFFFFFFFF82
:100E8000FFFFFFFFFFFFFFFFFFFFFFFFFFFFFFFF72
:100E9000FFFFFFFFFFFFFFFFFFFFFFFFFFFFFFFF62
:100EA000FFFFFFFFFFFFFFFFFFFFFFFFFFFFFFFF52
:100EB000FFFFFFFFFFFFFFFFFFFFFFFFFFFFFFFF42
:100EC000FFFFFFFFFFFFFFFFFFFFFFFFFFFFFFFF32
:100ED000FFFFFFFFFFFFFFFFFFFFFFFFFFFFFFFF22
:100EE000FFFFFFFFFFFFFFFFFFFFFFFFFFFFFFFF12
:100EF000FFFFFFFFFFFFFFFFFFFFFFFFFFFFFFFF02
:100F0000FFFFFFFFFFFFFFFFFFFFFFFFFFFFFFFFF1
:100F1000FFFFFFFFFFFFFFFFFFFFFFFFFFFFFFFFE1
:100F2000FFFFFFFFFFFFFFFFFFFFFFFFFFFFFFFFD1
:100F3000FFFFFFFFFFFFFFFFFFFFFFFFFFFFFFFFC1
:100F4000FFFFFFFFFFFFFFFFFFFFFFFFFFFFFFFFB1
:100F5000FFFFFFFFFFFFFFFFFFFFFFFFFFFFFFFFA1
:100F6000FFFFFFFFFFFFFFFFFFFFFFFFFFFFFFFF91
:100F7000FFFFFFFFFFFFFFFFFFFFFFFFFFFFFFFF81
:100F8000FFFFFFFFFFFFFFFFFFFFFFFFFFFFFFFF71
:100F9000FFFFFFFFFFFFFFFFFFFFFFFFFFFFFFFF61
:100FA000FFFFFFFFFFFFFFFFFFFFFFFFFFFFFFFF51
:100FB000FFFFFFFFFFFFFFFFFFFFFFFFFFFFFFFF41
:100FC000FFFFFFFFFFFFFFFFFFFFFFFFFFFFFFFF31
:100FD000FFFFFFFFFFFFFFFFFFFFFFFFFFFFFFFF21
:100FE000FFFFFFFFFFFFFFFFFFFFFFFFFFFFFFFF11
:100FF000FFFFFFFFFFFFFFFFFFFFFFFFFFFFFFFF01
:10100000D100204321160060000000000000000015
:10101000201000600010006000D0006000000000A0
:101020000000006000DC000000000000FFFFFFFF88
:10103000FFFFFFFFFFFFFFFFFFFFFFFFFFFFFFFFC0
:10104000FFFFFFFFFFFFFFFFFFFFFFFFFFFFFFFFB0
:10105000FFFFFFFFFFFFFFFFFFFFFFFFFFFFFFFFA0
:10106000FFFFFFFFFFFFFFFFFFFFFFFFFFFFFFFF90
:10107000FFFFFFFFFFFFFFFFFFFFFFFFFFFFFFFF80
:10108000FFFFFFFFFFFFFFFFFFFFFFFFFFFFFFFF70
:10109000FFFFFFFFFFFFFFFFFFFFFFFFFFFFFFFF60
:1010A000FFFFFFFFFFFFFFFFFFFFFFFFFFFFFFFF50
:1010B000FFFFFFFFFFFFFFFFFFFFFFFFFFFFFFFF40
:1010C000FFFFFFFFFFFFFFFFFFFFFFFFFFFFFFFF30
:1010D000FFFFFFFFFFFFFFFFFFFFFFFFFFFFFFFF20
:1010E000FFFFFFFFFFFFFFFFFFFFFFFFFFFFFFFF10
:1010F000FFFFFFFFFFFFFFFFFFFFFFFFFFFFFFFF00
:10110000FFFFFFFFFFFFFFFFFFFFFFFFFFFFFFFFEF
:10111000FFFFFFFFFFFFFFFFFFFFFFFFFFFFFFFFDF
:10112000FFFFFFFFFFFFFFFFFFFFFFFFFFFFFFFFCF
:10113000FFFFFFFFFFFFFFFFFFFFFFFFFFFFFFFFBF
:10114000FFFFFFFFFFFFFFFFFFFFFFFFFFFFFFFFAF
:10115000FFFFFFFFFFFFFFFFFFFFFFFFFFFFFFFF9F
:10116000FFFFFFFFFFFFFFFFFFFFFFFFFFFFFFFF8F
:10117000FFFFFFFFFFFFFFFFFFFFFFFFFFFFFFFF7F
:10118000FFFFFFFFFFFFFFFFFFFFFFFFFFFFFFFF6F
:10119000FFFFFFFFFFFFFFFFFFFFFFFFFFFFFFFF5F
:1011A000FFFFFFFFFFFFFFFFFFFFFFFFFFFFFFFF4F
:1011B000FFFFFFFFFFFFFFFFFFFFFFFFFFFFFFFF3F
:1011C000FFFFFFFFFFFFFFFFFFFFFFFFFFFFFFFF2F
:1011D000FFFFFFFFFFFFFFFFFFFFFFFFFFFFFFFF1F
:1011E000FFFFFFFFFFFFFFFFFFFFFFFFFFFFFFFF0F
:1011F000FFFFFFFFFFFFFFFFFFFFFFFFFFFFFFFFFF
:10120000FFFFFFFFFFFFFFFFFFFFFFFFFFFFFFFFEE
:10121000FFFFFFFFFFFFFFFFFFFFFFFFFFFFFFFFDE
:10122000FFFFFFFFFFFFFFFFFFFFFFFFFFFFFFFFCE
:10123000FFFFFFFFFFFFFFFFFFFFFFFFFFFFFFFFBE
:10124000FFFFFFFFFFFFFFFFFFFFFFFFFFFFFFFFAE
:10125000FFFFFFFFFFFFFFFFFFFFFFFFFFFFFFFF9E
:10126000FFFFFFFFFFFFFFFFFFFFFFFFFFFFFFFF8E
:10127000FFFFFFFFFFFFFFFFFFFFFFFFFFFFFFFF7E
:10128000FFFFFFFFFFFFFFFFFFFFFFFFFFFFFFFF6E
:10129000FFFFFFFFFFFFFFFFFFFFFFFFFFFFFFFF5E
:1012A000FFFFFFFFFFFFFFFFFFFFFFFFFFFFFFFF4E
:1012B000FFFFFFFFFFFFFFFFFFFFFFFFFFFFFFFF3E
:1012C000FFFFFFFFFFFFFFFFFFFFFFFFFFFFFFFF2E
:1012D000FFFFFFFFFFFFFFFFFFFFFFFFFFFFFFFF1E
:1012E000FFFFFFFFFFFFFFFFFFFFFFFFFFFFFFFF0E
:1012F000FFFFFFFFFFFFFFFFFFFFFFFFFFFFFFFFFE
:10130000FFFFFFFFFFFFFFFFFFFFFFFFFFFFFFFFED
:10131000FFFFFFFFFFFFFFFFFFFFFFFFFFFFFFFFDD
:10132000FFFFFFFFFFFFFFFFFFFFFFFFFFFFFFFFCD
:10133000FFFFFFFFFFFFFFFFFFFFFFFFFFFFFFFFBD
:10134000FFFFFFFFFFFFFFFFFFFFFFFFFFFFFFFFAD
:10135000FFFFFFFFFFFFFFFFFFFFFFFFFFFFFFFF9D
:10136000FFFFFFFFFFFFFFFFFFFFFFFFFFFFFFFF8D
:10137000FFFFFFFFFFFFFFFFFFFFFFFFFFFFFFFF7D
:10138000FFFFFFFFFFFFFFFFFFFFFFFFFFFFFFFF6D
:10139000FFFFFFFFFFFFFFFFFFFFFFFFFFFFFFFF5D
:1013A000FFFFFFFFFFFFFFFFFFFFFFFFFFFFFFFF4D
:1013B000FFFFFFFFFFFFFFFFFFFFFFFFFFFFFFFF3D
:1013C000FFFFFFFFFFFFFFFFFFFFFFFFFFFFFFFF2D
:1013D000FFFFFFFFFFFFFFFFFFFFFFFFFFFFFFFF1D
:1013E000FFFFFFFFFFFFFFFFFFFFFFFFFFFFFFFF0D
:1013F000FFFFFFFFFFFFFFFFFFFFFFFFFFFFFFFFFD
:10140000884207D0904205D251F8043B40F8043B93
:101410008242F9D8704700BF884204D2002340F8C6
:10142000043B8142FBD870472DE9884800F0CEF993
:101430000824604B604AC3F8544160496048FFF794
:10144000DFFF604A60496148FFF7DAFF60496148A1
:10145000FFF7E2FF604C4FF0E0214FF470000023F3
:101460005E4AC1F8880D44F823200133B02BFAD12D
:101470005B4B80215B4A03F8011B9342FBD14FF089
:10148000E0254C4E4FF08039DFF888B1DFF888A1B5
:101490004FF0FF31C5F8084D0027C6F80491C6F893
:1014A00000B1C6F8F490C6F8F0A0D5F8243DDFF8F6
:1014B0006C8143F4E0234C4AC5F8243DD8F81C3035
:1014C00023F07F0343F04003C8F81C30D8F82430E1
:1014D00023F07F0343F04003C8F824309166D166BF
:1014E0001167516700F07AF9404B4149A363414BC2
:1014F000E36363236B610323AF612B613E4BC5F84C
:10150000203DD5F8FC3D43F08073C5F8FC3D3B4BD6
:101510001A6842F001021A605B680B6000F0DAF9A9
:10152000C6F804913648C6F800B1C6F8F490C6F87B
:10153000F0A000F075FBD8F86C10324B324A41F441
:101540004051C8F86C101F60C3F80871C3F81871D7
:10155000C3F82871C3F83871936BDB0708D442F6DF
:1015600015632A4951651365936B43F00103936337
:10157000254A274C936843F00113936000F00EFB5B
:1015800000F03EFB00F0D4F900F022F92368132BA1
:10159000FCD900F065FA2368B3F5967FFBD300F021
:1015A0001BF900F017F900F043FB00F03DFB30BFE2
:1015B000FDE700BF00800D40E0990000401E006084
:1015C00000000000C016002024B8006000000020C9
:1015D000201F0020C016002000140020211F000042
:1015E00000E400E0A0E400E000C00A40393300005D
:1015F000BC1E00203D33000000002020001000E051
:1016000080D1F0080040084000400D400000C05666
:10161000C01E00201B1018200C0D111300C00F401D
:10162000074B4FF42A01074A07485A641864074ACF
:1016300099639546BFF34F8FBFF36F8FFFF7F4FEAB
:1016400000C00A40AFAAAAAA070020000000072095
:1016500043690A4A03EB011010B4037A084C02EB09
:101660000313D3E901321460C2681A6003690BB135
:1016700042691A605DF8044B704700BF8C06002079
:1016800061F801004369027E03EB021292F808C080
:101690008C451CD01A7AFF2A19D0914210B5044605
:1016A00016D01A7EFF2A06D00121D3E90023126842
:1016B0001A4201D1217610BD064B0522204603EBCC
:1016C0000C135B681A60FFF7C3FF2176F3E77047DE
:1016D0000021EAE78C06002043690A4A03EB011067
:1016E00010B490F82830084C02EB0313D3E9013210
:1016F0001460C26A1A60036B0BB1426B1A605DF82A
:10170000044B70478C06002061F801004369427E5B
:1017100003EB021292F828C08C451ED093F82820C3
:10172000FF2A1AD0914210B5044617D093F83820FA
:10173000FF2A06D00121D3E9002312681A4201D101
:10174000617610BD064B0522204603EB0C135B6847
:101750001A60FFF7C1FF6176F3E770470021EAE7FF
:101760008C060020164942698B6B23F47C0343F4FA
:10177000802370B58B630446124DD2E900130A68CA
:101780001A4303690A60022200211A610E4A196194
:101790009A6401225A629D624FF43035DD624FF047
:1017A00001159E6C1E6519629D651A61017EFFF729
:1017B0004FFF617E2046BDE87040FFF78DBF00BF40
:1017C00000C00F40B80B05053B372819704700BF14
:1017D000704700BF704700BF00BF704710B44FF0A4
:1017E000E023002110242B48C3F8941DC3F89C4D1E
:1017F0001124C3F8A00D2848C3F89C4D1224C3F847
:10180000A00D2648C3F89C4D254AC3F8A00D254CD1
:1018100042F015022448C3F89C4DC3F8A00D234C98
:101820002348C3F89C4DC3F8A00D224CC3F89C2D4F
:101830002148224AC3F8A04DC3F89C0DC3F8A02D3F
:1018400002F5A0221E4C0C321E48C3F89C4DC3F872
:10185000A02D1D4AC3F89C0D1C4CC3F8A02D0122DD
:101860001B48C3F89C4DC3F8A00DC3F8942DBFF3DB
:101870004F8FBFF36F8FC3F8501FBFF34F8FBFF36E
:101880006F8FD3F8142D5DF8044B42F44032C3F847
:10189000142D70473F0000102500080309001000B8
:1018A000201F002013002000210002071400002048
:1018B00025000813090000101600202027000B1334
:1018C00017000040180000602F000B07190000707F
:1018D0002F000B13F0B4154A40274FF480314FF41A
:1018E00080564FF400554FF4404443F242001369D0
:1018F00013F0020F0ED113F4005F0FD013F4805FCA
:101900000ED0002BF3DA13F4803F0BD15B060BD51E
:10191000F0BC7047946151619061E8E75561E6E77A
:101920005661E4E79161E2E75761E0E700800D402E
:101930003F4A03203F49F3EE095AD2F880304FF076
:10194000000C9FED3D6A23F001039FED3C5A30B43B
:10195000C2F88030C2F89000D1F8E010384DCBB218
:10196000384C39482B6007EE903A0B0DC1F30B2130
:10197000F8EEE77A06EE903A07EE101A334BB8EE1F
:10198000C77A2160F8EEE66A314937EEC66A37EE6B
:10199000C55A76EEC76A77EEE57A26EE266AC3ED7B
:1019A000006A25EE265AD2F8803067EEA64AC0EDCE
:1019B000007AC6EE275A274885EE276AC4EEA76A42
:1019C00075EE875AFCEEE55A36EE076A15EE904A38
:1019D000BCEEC66A43EA045376EE877AC2F88030DA
:1019E00016EE103AD2F89041FCEEE77A01EA034194
:1019F000214317EE903AC2F89011C3F30B03D2F8CB
:101A000090110B431449C2F89031D2F8803043F062
:101A10000203C2F88030114B80F840C0C1F8403159
:101A20004FF0E023012230BCC3F80821704700BF0B
:101A300000810D4000441F400000AA420000B44253
:101A40008C1E0020881E0020901E0020941E002066
:101A50000000FF0F00E400E000140020FD20000063
:101A6000314B40F6617210B5C3F8202140F20444B6
:101A700000F0CEF82D4A2E49D2F880302D4843F0A0
:101A80000303C2F880302C4BC1F8604102681A424F
:101A900003D1D1F8A8319A071BD0254A4FF0004155
:101AA000244B5963D2F8403143F00203C2F840316D
:101AB000D2F840319B07FBD44FF400304FF0E021C7
:101AC0001C4B4FF00042C1F88C0219209A6300F0C1
:101AD000A3F8184A4FF08040154C002190630A206B
:101AE000164B11604FF42072C4F8A801184600F09C
:101AF0008BF84FF4800203464FF4810040F243110B
:101B00001860C4F858311A640D4B0E4AC4F84811D5
:101B1000C3F804224FF0E0224FF400310123C2F851
:101B20000C11C4F8403110BD00800D4000C00F40C2
:101B300000002E4000900D40001C1E000000002000
:101B400000140020E522000008B50E4B1B6E9B0719
:101B500000D4FBBE72B60C4B00200C4AC3F8400107
:101B600003F160430A49A3F55F2311649D46BFF367
:101B70004F8F4FF400130748074ADB6902609B68E8
:101B8000984700BF00441F4000002E4000C00A409C
:101B90000300200000802020000012EB104BA0204A
:101BA000104AD96E41F4403110B4D96640F237641E
:101BB000D96E41F44071D96654649064936C1B06ED
:101BC000FCD4094A40F23761A02351649364936CBA
:101BD00013F08003FBD1054A13705DF8044B704786
:101BE00000C00F4000400C4000800C40F11E00205F
:101BF000F8B500BFF8BC08BC9E4670470000000066
:101C00005FF800F0D93300005FF800F0E542000013
:101C10005FF800F0552A00005FF800F04D1B00004F
:101C20005FF800F05D1800005FF800F0751D00001F
:101C30005FF800F07D450000450000003D04000015
:041C4000FD13000090
:101C440070C00F40C000000012000000130000002C
:101C5400D0841F4001000000FF000000FF000000CE
:101C6400000000000000000013000000130000004A
:101C7400CC841F4001000000FF000000FF000000B2
:101C840000000000000000001C000000D913000048
:101C940070C00F40000C0000110000001100000093
:101CA400E0841F4002000000240000001200000035
:101CB400E0841F400100000010000000110000003B
:101CC400DC841F4002000000250000001200000018
:101CD400DC841F40010000001E000000E51300002A
:101CE40080C00F4000000003190000001000000035
:101CF400E8841F4001000000FF000000FF00000016
:101D040000000000000000001800000010000000A7
:101D1400E4841F4001000000FF000000FF000000F9
:101D240000000000000000001F000000F11300008C
:101D34001603550053004200200053006500720052
:101D4400690061006C000000180354006500650020
:101D54006E00730079006400750069006E006F0006
:101D64000403090409026200030100C032080B00E5
:101D7400020202010009040000010202010005241C
:101D840000100105240101010424020605240600B3
:101D9400010705820310001009040100020A000073
:101DA4000007050302400000070584024000000903
:101DB40004020002FF6AFF000705810240000107D8
:101DC400050102400001000009026200030100C095
:101DD40032080B00020202010009040000010202A1
:101DE4000100052400100105240101010424020658
:101DF40005240600010705820310000509040100FB
:101E0400020A00000007050302000200070584021D
:101E14000002000904020002FF6AC70007058102EC
:101E24000002010705010200020100000A06000287
:0C1E3400EF02014001000000000000006F
:101E40000000000000000000000000000000000092
:101E50000000000000000000000000000000000082
:101E60000548064B1B1AD90F01EBA301491002D0FC
:101E7000034B03B118477047C0160020C01600205E
:101E80000000000008B5054B1BB105490548AFF33C
:101E90000080BDE80840FFF7E3BF00BF000000007E
:101EA0002C1E002000DC006006EE900A2A4B9FEDFD
:101EB000267BB8EEE66B9FED265B26EE076B2DE9E1
:101EC000F04186EE057BDFF8A08020250124234F1A
:101ED000234EB7EEC77BFDEEC77A83ED007AC8EDDF
:101EE000007A17EE903A01E0D8F800302340012143
:101EF00038786400002BD8BF002101F09BFD3078BA
:101F0000012101F097FD0021307801F093FD013DA2
:101F1000EAD108240021387801F08CFD01213078C5
:101F200001F088FD0021307801F084FD013CF1D101
:101F30000C4D0121287801F07DFD21462878BDE86F
:101F4000F04101F077BD00BF000000000000F0414B
:101F50000000000065CD9D41C81E00204C0B0020F4
:101F6000700B0020500B002098180020000000008B
:101F70002DE9F04F2DED048B8DB0A74C00AF02F092
:101F800079FF0028206005DC3437BD46BDEC048BAA
:101F9000BDE8F08F00230A22A04907F1100001F0EC
:101FA00085FA22686D460023D11D07F1100009EE65
:101FB000105A21F00701ADEB010D69466D4601F0A5
:101FC00051FB9DF80030462B00F0F780532B00F0BA
:101FD000E7800024924EDFF868A22846DFF864927A
:101FE000DFF84C82C7F820D004E0012C10D0022C7E
:101FF00024D0386A07F12002514604F049F968B14B
:10200000002CF2D103F096F9864B01241860F0E71A
:1020100003F090F90224C8F80000EAE73368012BC6
:1020200014D007F1100001F07DFA19EE103A3437A0
:102030009D46BD46BDEC048BBDE8F08F03F07AF9F8
:1020400001230024C9F800003360D2E7764A774BB9
:10205000126874491A60764B09681B687960994266
:1020600069DCDFF80CB2DFF80CA2DFF80C829FED20
:10207000688B7868FFF718FF6E4B1B78002B78D1C0
:10208000D8F80020002A8BED008B8AED008B40F3FE
:1020900082800026684C07F10809684D2968484687
:1020A00000F046FA0136D8F8002099E803009BEDCD
:1020B000004B84E8030080B2B24289B207EE900A76
:1020C000B8EEE76B07EE901A9AED005BB8EEE77B8F
:1020D00036EE046B37EE057B8BED006B8AED007BF3
:1020E000DCDC05EE902A02214C48B8EEE55B86EE7A
:1020F000054B87EE056B34EE040B8BED004B8AED40
:10210000006B01F01DF901214D4802F01DFF022175
:1021100042489AED000B30EE000B01F011F93F48F8
:1021200001F0F2F8474B7A681B681A44404B1B6871
:102130007A6093429DDA0021434800F047FD42480F
:1021400000F030FDF0EE407A404BB7EEC00A0221BD
:102150003248C3ED007A01F0F3F80121384802F06B
:10216000F3FE01213A4802F0EFFE2C4801F0CCF8D2
:1021700057E7384B5968384B1A68384BA3FB023283
:10218000374B920C1B6803FB02F2324B5B685B1A05
:102190009A42FAD874E7B0EE486BB0EE487BA0E7FD
:1021A000002001F0CDFCA5280FD009212D4802F018
:1021B000CBFE1A4801F0A8F833E703212A4802F0C1
:1021C000C3FE164801F0A0F82BE7012001F0B8FC8F
:1021D000024602207A6001F0B3FC0446032001F0BD
:1021E000AFFC7A6840EA0420204983B207F120005E
:1021F00003F018FE07F1200004F022F9014607F170
:10220000200002F0A1FE054801F07EF809E700BFBA
:102210000000000000000000041E00205C0B0020F5
:10222000281E00201C1E0020C01E0020441E00206E
:10223000241E002072110020501E0020001E0020CD
:1022400024090020201E0020D01E0020CC1E0020CB
:1022500028090020001000E0580B002083DE1B43FB
:102260006C0B0020180900200C0900201009002028
:102270008818002090180020480B002010B501F0AD
:102280003BFC742001F038FD044600F0D5F8034B08
:1022900003481C60BDE8104000F04CBC001E00204C
:1022A000D01E00202DE9F843574D40F2EE28574844
:1022B00009F0A6FA564C2E68564FDFF8789102F0D6
:1022C000C1FE2378002B00F091803B78DB0740F1C2
:1022D0008D802B68D9F800209B1A0E2B40F2868047
:1022E00001244A4D58234C4F2146284685F8A530F5
:1022F00085F8304185F82F4100F00CFDF02128468B
:1023000000F008FD21462846444E00F011FE21460B
:10231000387801F0B9FB424B2146424D187801F064
:10232000B3FB3078214601F0AFFB2146387801F04D
:1023300081FB3878002101F07DFB2146307801F0E7
:1023400079FB30780021384E01F074FB0021172012
:1023500001F09AFB0021112001F096FB214628682C
:102360004FF0FF3200F0A0F828684FF0FF320C2148
:1023700000F082F828684FF0FF32022100F084F864
:1023800028684FF0FF32052100F086F822462146EA
:10239000286800F089F8224628680C2100F06CF8C3
:1023A00022462868022100F06FF82246286805219D
:1023B00000F072F811221721286800F07DF81B4DFB
:1023C00018211B4800F04CFC2146307801F05CFBE2
:1023D0002878214601F058FB2146307801F02AFB8D
:1023E00021462878BDE8F84301F024BB2B68227809
:1023F0009B1B32B1B3F5FA6F3FF672AF02F022FECB
:102400005DE74345FAD96BE7C01E00209C18002009
:10241000FA1E0020F91E0020700B0020500B002037
:102420004C0B0020001E0020181100201C11002061
:10243000D01E0020DC1E002038B504460A4B0B4A93
:10244000002104F1300500F0F7FA094B0121094A97
:10245000284600F0F1FA0223204684F86030C4E9EF
:102460001945C4E91B4538BD00400C4070030020ED
:1024700000800C408C030020012A02D0406E00F046
:1024800043BA806E00F040BA012A02D0406E00F0DC
:1024900077B8806E00F074B8012A02D0406E00F068
:1024A0009BB9806E00F098B9012A02D0406E00F00E
:1024B000D3BA806E00F0D0BAF8B50546406E0F462C
:1024C000164600F01DFB40B96A6E0446538A20464A
:1024D0009BB243F004035382F8BD3146A86E00F06E
:1024E0000FFB044638B9AA6E2046538A9BB243F0CC
:1024F00004035382F8BD6B6E9A6A72B6936C43F014
:102500004003936462B6AB6E9A6A72B6936C43F002
:102510004003936462B672B6686E394600F0FCFA06
:102520003146A86E00F0F8FA62B62046F8BD00BF4A
:1025300010B4D1E91942A16A926A496A526A09B291
:102540005DF8044B12B2C0E90012704772B6012365
:10255000826A437572B6936C23F08003936462B60B
:10256000826A72B6D36C43F00203D36462B6826AA5
:1025700072B6936C43F08003936462B662B67047A0
:10258000837F8B4200F0E08070B4042900F20C815C
:10259000DFE811F0250073009000B5000500826AA5
:1025A00072B6536C43F48063536462B6826A72B647
:1025B000936C43F00103936462B6826A72B6536C03
:1025C00043F00303536462B6826A72B6536C23F01D
:1025D0006003536462B670BC8177FFF7B7BF826A4D
:1025E00072B6536C23F48063536462B6826A72B627
:1025F000536C43F08003536462B66F4A6F4B1468A8
:102600009C4280F084806E4B9C4274D26D4B9C4205
:1026100080F09B806C4B00229C42164634BF002405
:102620000124856A72B6AB6C23F00103AB6462B619
:10263000836A002A00F0818072B65A6C42F001026F
:102640005A6462B672B65A6C22F002025A6462B6DA
:10265000836A002C5FD072B65A6C42F020025A6432
:1026600062B6002E5FD072B65A6C42F040025A64D5
:1026700062B670BC8177FFF769BF826A72B6536C2D
:1026800023F48063536462B6826A72B6536C23F09B
:102690008003536462B6484A484B12689A4258D243
:1026A000474B9A4268D2474B9A4273D20022164651
:1026B0001446B6E7826A72B6536C43F4806353647F
:1026C00062B6826A72B6536C23F08003536462B6BA
:1026D000394B3E4A1B689342E8D93D4A934255D94B
:1026E0003C4A934231D902F1186202F5162202F6F1
:1026F000040293420BD801260022344691E7826AF5
:1027000072B6536C23F48063536462B64EE70122C1
:102710001646144685E772B65A6C22F020025A64B7
:1027200062B6002E9FD172B65A6C22F040025A64F3
:1027300062B670BC8177FFF709BF72B65A6C22F09F
:1027400001025A6462B67DE77047002201261446F2
:1027500067E71F4B9A4223D91E4B9A421ED903F1B9
:102760001863012603F51623344603F604039A4240
:1027700094BF0022012254E7144B9A420AD9202424
:10278000203400220126C4F340144AE70022012429
:10279000164646E700260124324642E74024EFE78A
:1027A0000024012622463CE7438A9BB243F0010302
:1027B00070BC4382704700BF540B00200090D003D0
:1027C0000048E8010024F40000127A00005A620276
:1027D00001B4C4040368890938B5437D04460D4635
:1027E000EBB9072D19D8DFE805F01D33404D5359DB
:1027F0005F04A26A72B6536C23F01003536462B68E
:10280000A36A72B65A6C22F480725A6462B672B6C7
:102810005A6C22F400725A6462B6E57738BD00F053
:1028200049F8DEE7A26A72B6536C43F010035364B2
:1028300062B6A36A72B65A6C42F480725A6462B687
:1028400072B65A6C42F400725A6462B6E57738BDCB
:10285000A26A72B6536C43F01003536462B6A36A63
:1028600072B65A6C22F48072E8E7A26A72B6536CB0
:1028700043F01003536462B6A36A72B65A6C42F412
:102880008072C2E7A26A72B6536C43F01003B5E7D8
:10289000A26A72B6536C23F01003C8E7A26A72B63C
:1028A000536C23F01003D8E7A26A72B6536C23F07E
:1028B0001003DFE738B50021836A827D9D6CDB6CF5
:1028C000417502B938BD04460121FFF759FE0321C5
:1028D000FFF782FF637D93B9A26A72B6936C43F0EF
:1028E0002003936462B6A26A72B6536C23F4404329
:1028F000536462B6042200232277A37538BD2046B4
:10290000FFF7D8FFE8E700BF38B5C37D8B4219D089
:10291000437D04460D4603BB092D14D90B2DA36A34
:102920001ED872B65A6C42F004025A6462B672B68D
:102930005A6C22F008025A6462B640F2FF320A234F
:10294000A261E37538BDA26A72B6536C23F00C0322
:10295000536462B6FF220823F2E7FFF7ABFFDBE721
:1029600072B65A6C22F004025A6462B672B65A6C9D
:1029700042F008025A6462B640F6FF720C23DFE7A9
:1029800010B5037D04462B4A002B49D1D36E43F486
:102990004033D36600234FF40072A16AE375A3614C
:1029A000A28384F8243072B64A6C42F480324A64BE
:1029B00062B640F20271627F63756382E183637481
:1029C00052B1A26A637772B6536C23F4C053536456
:1029D00062B62046FFF7BAFD0A212046FFF794FFB2
:1029E0000122637DA27503BBA26A72B6936C43F0A9
:1029F0002003936462B6A26A72B6536C43F44043F8
:102A0000536462B62023204600212377FFF7B8FDE8
:102A10000121FFF7E1FE2046BDE81040FFF796BD1B
:102A2000D36E43F44073D366B4E72046FFF742FF0A
:102A3000DAE700BF00C00F40002910B5836214BF61
:102A40004423432304460175026280F82C30FFF7CB
:102A500097FF204610BD00BF38B5437D04460D46A4
:102A6000002B30D1012DA26A24D972B6936C43F0A9
:102A70002003936462B6042D09D8A26A72B6536C1F
:102A800023F44043536462B60423237738BD082DF2
:102A90001CD9102D2AD8A36A72B65A6C22F480422F
:102AA0005A6462B672B65A6C42F400425A6462B614
:102AB0001023EAE772B6936C23F02003936462B6A6
:102AC0000023237738BDFFF7F5FECBE7A36A72B684
:102AD0005A6C42F480425A6462B672B65A6C22F45E
:102AE00000425A6462B60823237738BDA26A72B6E0
:102AF000536C43F44043536462B62023C5E700BFE0
:102B00001B2907D8036A585C00F01F001F3818BF44
:102B10000120704700207047036A5B5C72B690F832
:102B2000241003F01F03826A03EBC113136062B623
:102B3000704700BF704700BF70B505460126184CAE
:102B40002B78204684F83061B34084F82F6184F8F4
:102B5000A53000F0DFF83146204600F0E9F9022206
:102B600029783346204600F061FA94F8A22094F8C0
:102B7000A350AA4210D29319A118DBB2887E9D42BD
:102B80004FEA002084F8A23006D9234402329B7E0B
:102B900084F8A220184370BD4FF6FF7070BD00BFCF
:102BA0009C18002008B50521FFF7C6FFC0F30B03F2
:102BB00000EE103AC304BAEECE0A03D5DFED027A76
:102BC00030EE670A08BD00BF0000804370B50D46B7
:102BD00001210446FFF7B0FF012D20D005B170BDE3
:102BE0002378012620F480701C4DB340314684B216
:102BF000284685F8A53085F8306185F82F6100F00A
:102C000089F8210A284600F085F82846E1B200F04C
:102C100081F831462846BDE8704000F089B9237834
:102C200040F480700D4E29465B0084B2304686F831
:102C3000A53086F8305186F82F5100F06BF8210A44
:102C4000304600F067F83046E1B200F063F82946FC
:102C50003046BDE8704000F06BB900BF9C18002002
:102C600038B50446174D2170284608F0C9FD0621E5
:102C70002046FFF761FF542801D0002038BD07210E
:102C80002046FFF759FFB0F5806FF6D12378012475
:102C90002846A340214685F8304185F8A53085F8BF
:102CA0002F4100F037F80021284600F033F80021CA
:102CB000284600F02FF82146284600F039F9204632
:102CC00038BD00BF9C1800200020704790F8A3205A
:102CD00090F8A200101A704790F8A23090F8A32044
:102CE0009A4205D95A1C034480F8A220987E704766
:102CF0004FF0FF30704700BF90F8A23090F8A3204B
:102D00009A4202D91844807E70474FF0FF307047D6
:102D1000704700BF0346B0F8300178B193F82F2117
:102D2000882A03D9012200205A60704702F1010C61
:102D300001201A4483F82FC182F8A510704700BF04
:102D400038B5B0F830410CB9204638BD90F82F3175
:102D50000546C3F18904A2420DD8144605F1A50029
:102D60002246184400F02EFF95F82F3120462344C8
:102D700085F82F3138BD01224260EFE738B50025D4
:102D800013464FF47A720446C0E90152154888226E
:102D900021612946206004F11A00636125732576BC
:102DA000657603F0BFF98922294604F1A50084F86D
:102DB000A25084F8A35084F8A45003F0B3F920463D
:102DC00084F82E5184F82F5184F8305184F8315111
:102DD00084F8325184F8335184F83451C4E94E55A3
:102DE00038BD00BFE40300202DE9F04FD0F814A057
:102DF0001524017E8146437E83B00AEB0111384AD7
:102E00000AEB0313374F097A93F8283002EB0115C8
:102E10000901E86852F8018002EB0311D5F804B00B
:102E20001B01CE68D558CBF80040C8F88400D8F80C
:102E300004304A6803432C490192C8F804301460F6
:102E4000C5F884606B6833436B60284B4C683A6804
:102E5000A3FB0232920C02EB820252004B681B1B56
:102E60009A42FBD84FF0090C1F4ADFF880E0D8F8EF
:102E70000830034202D0AB6833422FD1C5F88860D6
:102E800054683968AEFB0131890C01EB810153684C
:102E90001B1B9942FBD8C5F8846054683968AEFBA7
:102EA0000131890C01EB810153681B1B9942FBD84E
:102EB000BCF1010CDBD1604699F81830019A0AEB9D
:102EC0000313DB68CBF8003099F819300AEB031ACA
:102ED000DAF82C30136003B0BDE8F08F0120EBE787
:102EE0008C060020580B0020001000E083DE1B43FE
:102EF0000E4A10B51168046905E0DB0107D41368B8
:102F00005B1A102B08D8636913F0007FF5D14FF4DA
:102F1000FE430120636110BDFFF766FF0028FAD071
:102F20004FF4FE4301206361F5E700BFC01E00209F
:102F30002DE9F04790F82FA1BAF1000F58D0814643
:102F40008846FFF7D5FF002852D0374E0024376857
:102F500016E06B691A0544D4580558D499044CD42A
:102F60003268D21B322A48D8544507D9EA6D520735
:102F700004D19B0555D4B8F1000F52D002F062F88D
:102F80005445D9F81050E4D8EA6D510702F0070310
:102F9000DFD413E099F8A5200133022442F48062C3
:102FA000042B2A6627D08A4503F1010309EB0102AD
:102FB0000ED992F8A520042B2A66CAD00121002C34
:102FC000E8D02146013301348A4509EB0102F0D8EB
:102FD000B8F1000FBDD04FF400732B666B691A0572
:102FE000BAD52B69042043F440732B61BDE8F08708
:102FF0000420BDE8F0870124ABE72B694FF4007291
:10300000042043F440732B612A66BDE8F0872B69E6
:103010004FF40072022043F440732B612A66BDE82E
:10302000F0870020E5E700BFC01E00202DE9F04733
:1030300082460C4615461F46FFF75AFF002800F04F
:103040008F8063000021012DDFF81C81DBB240F28C
:10305000014638BF01250C461E43D8F80090AAF857
:10306000A2101EE09AF8A330872B3DD951690B05B9
:1030700057D411F4105F67D1D8F80030A3EB0903DF
:10308000322B61D89AF8A330AB4208D3022C06D970
:10309000D36D580703D18B0547D4002F45D001F0DD
:1030A000D1FF022CDAF81020DCD8D36D590703F0D9
:1030B0000700D7D421466C1E084444F4807441B9FB
:1030C00016660131431A032B01D80229F7D90C46A1
:1030D000C8E7012931D017B14FF4007313669AF88D
:1030E000A3300324872BC1D8D16D11F4E02FC1F395
:1030F000024EBBD0591C9E441933C9B25FFA8EFEF2
:103100005AFA83F3D2F870C0481C71458AF8A310AC
:10311000C1B203F801CFA9D08929F3D151690B05B8
:10312000A7D5136943F440731361D36D13F4E02FF3
:1031300005D19AF8A300BDE8F0871466C1E71369CA
:1031400043F400731361F4E713694FF4007143F41F
:10315000407313611166D36D13F4E02FE9D0EEE7ED
:103160000420BDE8F08700BFC01E0020036970B5D1
:10317000D3F81451044615F4706201D0C3F8142139
:10318000AE070BD5D3F8701108043ED500220120FC
:1031900084F8A220224484F8A3009176EA0710D58F
:1031A00094F83061F6B194F82E6194F82F21B24270
:1031B00027D9721C264484F82E2196F8A520C3F83E
:1031C0006021AB050DD594F8A30018B1D4F83C31BB
:1031D00003B198470023A4F8A230A4F82E3184F854
:1031E000303170BDD4F838210AB1904723690022EC
:1031F00084F82E21012284F8302194F82F21B24244
:10320000D7D80022C3F86021DBE794F8A320872AEF
:10321000C4D8501CC0B2BDE70148FFF7A7BF00BF2C
:103220009C1800200148FFF7A1BF00BFDC19002057
:103230000148FFF79BBF00BF1C1B002010B5094CC5
:10324000094922460948FFF799FD04F1500208494F
:103250000848FFF793FD04F1A00207490748FFF76C
:103260008DFD10BD441C006000003F409C180020F4
:1032700000803F40DC19002000C03F401C1B0020A4
:10328000084601F04BBE00BF012A70B508BF0A22F4
:103290008AB091B34FF0210E01E05FFA86FE0EF185
:1032A000FF36B1FBF2F502FB15145FFA84FC092C22
:1032B0000CF137040CF1300C98BF5FFA8CF40EF16E
:1032C000280C88BFE4B29142EC4429460CF8244C07
:1032D000E3D24BB10EF1FF3E2D225FFA8EFE0EF1CE
:1032E00028036B4403F8242C036801A9CEF12202C1
:1032F0005B68714498470AB070BD30224FF0210ED0
:103300008DF82520E5E700BF00B5036883B040F6DF
:103310000D2C022201A95B68ADF804C0984703B0E8
:103320005DF804FB054B022888BF034610B41C68F7
:10333000184663685DF8044B184700BF5C0B00201B
:10334000B4EE400B70B5F1EE10FA05462DED028B90
:1033500086B07CD6B0EEC07B9FED476BB4EE467B6B
:10336000F1EE10FA6BDC9FED467BB4EEC70BF1EE8D
:1033700010FA5ADC9FED447BB4EEC70BF1EE10FA65
:1033800053D4B5EEC00B0C46F1EE10FA5BD400231B
:10339000B6EE007B002C5ED04FF0000C9FED3C6B36
:1033A0000CF1010C27EE067B5FFA8CF2A242F7D3F8
:1033B00030EE070B0A222846FCEEC07BB8EE678B86
:1033C00017EE901A30EE488BFFF75EFF0F2C4FF090
:1033D0002E03B2EE046B064628BF0F248DF808308A
:1033E0000DF1090302AA611E53FA81F128EE060BC2
:1033F000FCEEC07BCDED017A9DF8043007EE903AEB
:103400003033B8EEE78B02F8013F914230EE488B43
:10341000ECD12B68013402A928465B68E2B29847D8
:10342000304606B0BDEC028B70BD2B6803221A49F2
:103430005B6806B0BDEC028BBDE8704018470368BE
:1034400003221649F4E7B1EE400B0123A0E703681D
:1034500003221349ECE730EE070B0A222846FCEE64
:10346000C07B17EE901A06B0BDEC028BBDE8704031
:10347000FFF70ABFAFF30080FFFFFFFFFFFFEF7F03
:10348000000000E0FFFFEF41000000E0FFFFEFC1A0
:103490009A9999999999B93FB0030020AC030020FB
:1034A000A803002001F02ABD01F0C2BC2DE9F84FAD
:1034B00000278B4681469246394603F1FF38174C68
:1034C000174E00F06BF825680BE001F017FD00289F
:1034D00010DA01F0B7FD2368DBF808205B1B93428C
:1034E00015D2DBF800305B69B342EED058469847FE
:1034F0000028EEDB08D0824506D00137C1B248462D
:1035000000F0A0F84745DED94846BDE8F88F012312
:1035100048468BF80C30BDE8F88F00BFC01E002075
:103520006516000010B50446006801F00FFF204644
:1035300010BD00BFF8B50446154632B9036803B1A3
:103540001A7000232046A360F8BD43680E469A42D5
:103550001CD9511C006802F0BDF9074660B1A36890
:10356000C4E900050BB90370276831463846A560E9
:1035700002F0C6FE2046F8BD206810B101F0E6FE5C
:10358000276000232046C4E90133F8BD07683146AF
:10359000A560384602F0B4FEECE700BF38B5002362
:1035A0000446C0E900338360037341B10D46084609
:1035B00002F046FF024629462046FFF7BBFF2046A1
:1035C00038BD00BF2DE9F843044600680D46164695
:1035D0008842A36809D8C218914206D20F1A4FF048
:1035E000010936B92046BDE8F8834FF00009002EE6
:1035F000F8D003EB0608626890450CD908F1010188
:1036000002F068F90028EDD0A368C4E9000813B9F6
:1036100003702068A368B9F1000F08D12946184447
:1036200002F06EFE2046C4F80880BDE8F8833246FA
:10363000C119184400F0C6FA2368002203F80820D4
:10364000F0E700BF10B582B00023044601228DF8D8
:10365000041001A98DF80530FFF7B4FF204602B031
:1036600010BD00BFC2B170B5B1FA81F60C46760943
:1036700019B185689D4201D80E7070BDED1A02F136
:10368000FF3C016820466545194428BF65462A4627
:1036900002F09AFD665570BD704700BFA249A34B6A
:1036A00088422DE9F047A24C5E699A69D4F80C80F3
:1036B0001BD9A04B984240F20281C31A9E491B0AB3
:1036C000A1FB031340F22761DB0903EB830303EB48
:1036D000830303F2E2438B4228BF0B46A3F54877EE
:1036E000964BA3FB0737FF0804E0954FB8428CBF09
:1036F0000E2706278D4908F01F09D1F88030B945FB
:1037000043F0C003C1F880300CD228F01F08A1F5A7
:10371000F82148EA0708C1F80C800B68002BFCDA96
:1037200008F01F0916F0007324D186490C698649F8
:10373000A14300F0EA8082F4805134464FF4805572
:1037400014F0605F04D026F060561E43774B5E6134
:1037500011F4405F07D022F4405274492A438A6131
:103760008B6C1A07FCD446F00076704A5661936C55
:103770009B06FCD4754CA04200F2CE804FF0010CA9
:103780000146634603FB011203F1010E0CF1010532
:10379000A24218D8BEF1080F4FF0010340F08D800F
:1037A000BCF1040F00F291800A18A24200F2A4803A
:1037B00005FB00F1AC4603F1010E03FB01120CF115
:1037C0000105A242E6D90CF1FF318C0286EA812183
:1037D0005F4810445F4A90427FD9DFF8A4A16C2271
:1037E0005D48584DB0FBFEF0D5F800E0B0FBFCF0B2
:1037F000DFF890C10EEA0C0CD44509D042F4005217
:103800004FF4805CC5F800C02A602A68002AFCDA00
:10381000464A156905F007059D4203D01361936C74
:10382000DD03FCD411F4E05F09D026F4E05604F483
:10383000E0543E4A26435661936C9907FCD44749AD
:10384000474A014491423CD8464BC909A3FB013188
:10385000090B4B1E1B0286EA030212F4407F06D0BE
:1038600026F4407603F44073304A334353612F4AC1
:10387000536923F000735361936C9B06FCD43A4B5D
:103880004F45A3FB00234FF0FF324FEA9343B0FBB9
:10389000F1F1B2FBF3F3354A1060354A1160354A55
:1038A000136008D228F01F08214A48EA0707D760AA
:1038B0001368002BFCDABDE8F087734662E7122735
:1038C00018E74FF440730421C5E70CF1FF3120489D
:1038D00007238C02104486EA8121274ADFF8A8A03A
:1038E000A2FB0020020D2548362A38BF362202FBF3
:1038F00000F042EA0A0A74E74FEA8C24002386EAC1
:103900008C214FF0010EAC4662E71D4686F0C05494
:1039100011464FF0C05313E700244FF0010C02464C
:1039200031462346E64653E700A4781F00C00F4007
:10393000000008400046C32323B24C001F85EB5112
:1039400000366E0100800D4040300080FFB19F26A0
:10395000808D5B00FF7EF64D00643F4D7FD1F00807
:103960007F17B42C9F10E50083DE1B43580B00200B
:10397000540B0020981E0020819F5E16001BB7008C
:103980006C2000807F3001800020008000B97047EB
:103990002DE9F84F01218146214C224D224E54E859
:1039A000003F2A68306844E80013002BF7D11F4914
:1039B0004B684FF47A7BDFF878A01B1A01270BFBCA
:1039C00002F8DAF80020A3FB02325A4594BF904473
:1039D000D84454E8003F2A68306844E80073002B5C
:1039E000F7D14B68DAF800C01B1A0BFB02F2A3FBFD
:1039F0000C3CBCF57A7F94BF624402F57A72A2EB6C
:103A00000802B2F57A7F06D3B9F1010908F57A7890
:103A1000DFD1BDE8F88F01F015FB0449D9E700BFFD
:103A2000C41E0020C01E0020BC1E0020001000E0AC
:103A3000981E0020272816D80201104B03EB001017
:103A40009B5810B4C2685C68144205D061B95DF837
:103A5000044BC3F888207047836851B1084A5DF869
:103A6000044B1A60704770475DF8044BC3F884201C
:103A70007047044A5DF8044B1A6070478C060020BA
:103A800038F0010038300100272829D8164B0201F0
:103A9000012903EB00109A5810B45368C4680ED083
:103AA00004290CD023EA040353608368A9B10229D6
:103AB00017D003290CBF0D4A0D4A1A6007E02343B3
:103AC00001295360836808D040F638021A604368C1
:103AD00015225DF8044B1A60704738221A60F6E729
:103AE0007047044A1A60F2E78C0600203830010063
:103AF0003800010038F0010070B50E4C4FF6FF7E23
:103B00000D4E04F11E05A6F58053002102E0B342DC
:103B100081B204D21A88481C02337245F7D124F8C6
:103B2000021FAC4206F58056EDD1044B01221A70FB
:103B300070BD00BF9A1E002000101F60F21E002002
:103B4000B0F5876F2CD2174B10B51B78044623B302
:103B5000A008154B04F00301144CA3FB0023144AE6
:103B6000DB08C3EB031E9C46A0EB0E0341EA8C016D
:103B7000FF2034F813C01A444FEA4C0C13030CEB2B
:103B8000023CBCEB023F07D91A880233D4B28C4204
:103B900008BF100A9C45F7D810BDFFF7ADFFD7E767
:103BA000FF207047F21E0020898888889C1E002014
:103BB000F001060008B5FEF775FBFEF7D9F901F034
:103BC00041FAFAE7844641EA000313F003036DD19A
:103BD000403A41D351F8043B40F8043B51F8043BD0
:103BE00040F8043B51F8043B40F8043B51F8043BD7
:103BF00040F8043B51F8043B40F8043B51F8043BC7
:103C000040F8043B51F8043B40F8043B51F8043BB6
:103C100040F8043B51F8043B40F8043B51F8043BA6
:103C200040F8043B51F8043B40F8043B51F8043B96
:103C300040F8043B51F8043B40F8043B51F8043B86
:103C400040F8043B51F8043B40F8043B51F8043B76
:103C500040F8043B403ABDD2303211D351F8043B16
:103C600040F8043B51F8043B40F8043B51F8043B56
:103C700040F8043B51F8043B40F8043B103AEDD2C5
:103C80000C3205D351F8043B40F8043B043AF9D216
:103C9000043208D0D2071CBF11F8013B00F8013BE9
:103CA00001D30B8803806046704700BF082A13D3F6
:103CB0008B078DD010F003038AD0C3F10403D21A0E
:103CC000DB071CBF11F8013B00F8013B80D331F842
:103CD000023B20F8023B7BE7043AD9D3013A11F8C2
:103CE000013B00F8013BF9D20B7803704B7843702D
:103CF0008B7883706046704701F020BB01F1FF3C78
:103D000070B56646002400E00134B0FBF2F502FB1A
:103D10001503092B03F1370E03F130035FFA8EFE12
:103D200098BF5FFA83FE9042284606F801EFEBD277
:103D3000631C0022C818CA547CB162461CF8015F9B
:103D400010F8016DA1EB0C0302328CF80060013B0E
:103D5000521A057023449A42EFDB084670BD00BF3B
:103D600072B6EFF305834F4CC4F88430EFF308824A
:103D70004FF0E0234C4E4D4DD3F8280DD3F82C1DB9
:103D8000C4E92201D3F8341DD3F8383DC4E9241323
:103D90009369C4F89830D369C4F89C3000F0D0F827
:103DA00084ED280A01F0B2FA0B214FF0FF32C4F87B
:103DB000A4000B46C4F880103D49301D5A40202411
:103DC00002F00103013C01FB03F383EA5202F7D145
:103DD000A84202D073680646EFE7324BC3F8A8202A
:103DE000BFF34F8F4FF0E0232F49324AC3F8701FC3
:103DF000C3F8702FBFF34F8FBFF36F8F2E4A02258A
:103E00002E48D36E2E4943F44053D3660560D369E0
:103E10002C4823F07F0343F04003D3610B688342B7
:103E20003DD8264D00214FF0E0234FF0FF322960AE
:103E30000126C5F808112449C5F80011C5F8086124
:103E4000C3F88021C3F88421C3F88821C3F88C21EA
:103E5000C3F8902101E000F065F9D5F80C31002B92
:103E6000F9D00134C5F80C614F2CF4D9174B02205E
:103E700017494FF00042C1F840015A63D5F80C31A0
:103E80003BB9144814490D4A0163D2F80C31002B98
:103E9000FAD04FF0E023114AC3F80C2DFEE7FFF7EC
:103EA000FDFBBEE700FF272080FF2720A8FF27207B
:103EB0002083B8EDA0FF272000C00F40004008403D
:103EC000580B0020803DCD0B009F240000900D403A
:103ED00000002E4000800F40F100AD0B0400FA05F9
:103EE0000A490A6838B108B513180948834204D84A
:103EF00010460B6008BD1046704702F0FBF90C231A
:103F00004FF0FF320360104608BD00BF740B002065
:103F100000002820002070474FF0FF30704700BF9E
:103F20004FF4005300204B60704700BF01207047E2
:103F30004FF0FF30704700BF30BFFDE7FFF710BF05
:103F4000124AD2F880305B07FBD5D2F88030104897
:103F5000C3F30B230F4990ED007A07EE903A91EDF1
:103F6000006AB8EE477A0C4AF8EEE77A0B4BD2EDCE
:103F7000006A77EEC77A93ED007AB8EE477A67EE7B
:103F8000867A87EEA60A37EE400A704700810D4018
:103F9000881E0020901E0020941E00208C1E0020F1
:103FA000836BF0B41BB1536843F40043536072B6A3
:103FB000446B3CB31A4B2260D3F8B0410C421DD184
:103FC000184E776804E07468E41BB4F5166F0BD2E2
:103FD000D3F8404144F48044C3F84041D3F8B85189
:103FE000D3F840416404EED50D4007D10C4CC0E934
:103FF0000225D4F8B0310B43C4F8B031426362B645
:10400000F0BC7047064DC0E90224D5F8B0310B432F
:10401000C5F8B0310263426362B6F0BC704700BFBE
:1040200000002E40001000E070B5056B9DB1064603
:104030002A46002403E012680134012A0CD0536898
:1040400013F08003F7D032632CB12846B36B2D6890
:104050009847013CF9D170BDC6E90C33F4E700BFC5
:1040600030B4D9B91F4C204B0021204A01254FF014
:10407000011099601D60C4E9023180245C60C2F8BF
:10408000BC01D2F8B0311A482B43C2F8B0310160FC
:10409000D2F8B031002BFBD130BC70470904154B6E
:1040A000104C012541F080019860104A596000F5DC
:1040B00080511D60D96000F50051A364196100F5BD
:1040C000405100F58040596100219861E164D2F8C7
:1040D000B03143F48033C2F8B031D2F8B031002BA4
:1040E000FBD1C0E700000020C016002000002E40D9
:1040F000101E0020E0160020084901220B7802FA69
:1041000000F023EA0000087030B9054AD2F84831BF
:1041100023F08003C2F84831704700BFF51E00202D
:1041200000002E402DE9F04F974C83B0D4F8447135
:10413000FB07C4F8447153D5D4F8AC21002A4AD007
:10414000924EDFF860A2DFF87492DFF874B2DFF805
:104150007482C4F8AC21D6E90A20D4F8403143F483
:104160000053C4F84031D4F840319D04F5D5D4F85B
:10417000403123F40053C4F840314FF00113C4F828
:10418000B431D4F8B45115F00115FAD193B2844684
:10419000CAF80050B3F5086F00F0CF8100F2DB8061
:1041A00040F202318B4200F0E78100F29A80822BCC
:1041B00000F0CB81B3F5817F40F08A8010F0780F5A
:1041C00083B200F003824FF00113C4F8C031D4F879
:1041D000AC21002ABDD16C4AD2F8BC31002B42D1AF
:1041E0007E0616D5684BD3F8AC21C3F8AC21D3F8C2
:1041F000BC21C3F8BC21D3F8B041002CFBD14FF057
:10420000FF32C3F8B421D3F8843100F029FD604BAC
:104210001C60FC0103D55F4B1B6803B19847B801D4
:1042200003D55D4B1B6803B19847790708D5564BFA
:10423000D3F8843113F4007347D0584B01221A701D
:10424000514BD3F848311A060AD53B0608D5544AD3
:1042500013782BB1013BDBB21370002B00F072829C
:1042600003B0BDE8F08F4F49C2F8BC310868034283
:1042700040F0D181464A14681C40B1D05FEA14482E
:1042800010D0424E4FF0010998FAA8F5B5FA85F51D
:1042900006EBC51009FA05F54030FFF7C5FE38EA10
:1042A0000508F1D1A4B2002C9AD0384E4FF0010885
:1042B00094FAA4F5B5FA85F506EBC51008FA05F5EC
:1042C000FFF7B2FEAC43F3D18AE7344A1370B7E785
:1042D000802B7FF478AF344802210580FFF7C0FEC1
:1042E00075E7B3F5A06F00F00B81A3F5D063012B48
:1042F0003FF669AF2D4B5D68002D3FF464AF1FFAA8
:104300008CFC4FEA124E04E01D690C33002D3FF483
:104310005AAF1A887245F7D15A886245F4D14FEAEC
:104320001E22032A00F0A5811A89000C824228BFB0
:104330000246BEF5007F40F0A181184B1C49187859
:104340001C4B0192002818BF19461B48FFF73AFC86
:10435000194D019AE1E142F221218B427CD033D9FF
:1043600042F221318B4200F081804FF6C0018B4236
:104370007FF429AF10F47F4F83B27FF424AF43F46E
:104380006E4363F30F0CB5E700002E4000000020E1
:10439000141E0020E01E0020E41E0020FB1E002052
:1043A000FC1E0020101E0020481E00208009002056
:1043B000681D0060CC1D006000002020081E002049
:1043C0005DCFC6B8C0012E40B3F5106F66D042F283
:1043D00021018B427FF4F7AE030C072B7FF4F3AE81
:1043E000B24BB349F560D960B249B360C3F80890E5
:1043F000C1E9002001221A60AF4A5A60AF4A1A612F
:10440000D4F8B01141F00101C4F8B01102F58051A7
:1044100002F5005259619A61D4F8B031002BFBD1FA
:10442000A74AF36493600123B264136048F28003E7
:1044300053604FF00113C4F8BC31D4F8B03143F4E9
:104440008033C4F8B0314FF48033CAF80030D4F868
:10445000B031002BFBD1BAE680B238B9994BC2F328
:1044600007421968984B1960984B1A70944B0022B8
:104470009A60F2640122B3641A6080225A604FF09D
:104480000113C4F8BC31D4F8B03143F48033C4F81C
:10449000B031D4F8B031002BFBD198E6C2F307421B
:1044A0008B4B1A708B4BC4F8C8318B4BC4F8CC3192
:1044B0008A4BC4F8D03100F0D5FB802229468848C9
:1044C00001F030FE874B8022C6F8A0B0C6F8E0307D
:1044D0007B4BF5645A600122B3649D601A604FF013
:1044E0000113C4F8BC31D4F8B03143F48033C4F8BC
:1044F000B031CAF80050D4F8B031002BFBD166E6D9
:104500006F4B0121F564196080219D60B36459608F
:104510004FF00113C4F8BC31D4F8B03143F4803308
:10452000C4F8B031D4F8B031002BFBD1130C5B06CA
:1045300043F08073C4F8543149E6654B01216A4861
:104540001B780370FFF78CFD41E683B210F0780012
:104550007FF439AE03F07F0258F82210624A1080CF
:10456000180600F19E80CB0701D5012313700221AC
:104570005D48FFF775FD2AE610F0780F83B27FF4EF
:1045800022AE03F07F0213F0800F58F8223014BFE0
:1045900043F4803343F0010348F822300022484BB3
:1045A000F2649A600122B3641A6080225A604FF06C
:1045B0000113C4F8BC31D4F8B03143F48033C4F8EB
:1045C000B031D4F8B031002BFBD100E603F07F020C
:1045D00013F0800F58F8223014BF23F4803323F0F7
:1045E000010348F822300022354BF2649A60012220
:1045F000B3641A6080225A604FF00113C4F8BC31D2
:10460000D4F8B03143F48033C4F8B031D4F8B031C9
:10461000002BFBD1DBE50020086026490C884868A8
:1046200042F221018C427FF425AE80B200287FF453
:1046300021AE2E492E4C03C9A18086284FEA114194
:104640002060A1717FF416AE72B62A48017841F05D
:1046500008010170D2F848110D0605D480200143ED
:10466000C2F84401C2F8481162B6234A50211170C1
:1046700000E6000C2A78824228BF0246BEF5E06FB1
:1046800044D11E4B1E4D18781E491F4B0192002825
:1046900018BF19462846FFF795FA07236B70019A51
:1046A0003BE0C9033FF561AF61E700BFE0160020C2
:1046B000082E00208018002080000700083E0020FF
:1046C000C0160020C01E0020DC1E0020F91E0020A5
:1046D000FA1E00200200CC00C80002000200C80040
:1046E000800000201993D574481E0020081E002069
:1046F000D41E0020F51E0020FC1E0020FB1E002002
:1047000000002020CC1D0060681D00602946104D6F
:1047100001922846FFF756FA019A25F01F03154427
:10472000BFF34F8F4FF0E021C1F8703F20339D421F
:10473000FAD8BFF34F8FBFF36F8F05481146FFF7CD
:104740008FFC44E50320FFF7D7FC07F05DF800BFBE
:10475000000020202DE9F0471F46831E022B01D9BF
:10476000BDE8F087DFF84C9015460C463C2209EB7B
:10477000C01806464FEAC01A002108F104002404BC
:1047800001F0D0FCB5FA85F20123520944EA4274E3
:1047900049F80A40C8F83870C8F80830002FDFD050
:1047A000034AB34011680B431360BDE8F08700BFB4
:1047B000141E0020000000202DE9F0470D46811E48
:1047C000022901D9BDE8F087C701DFF84C90924675
:1047D000044640373C2200211E4609EB07082D0401
:1047E00008F1040001F09EFCBAFA8AF2520945EA87
:1047F000427249F807200122C8F83860C8F808203A
:10480000002EDFD0034B10341968A2400A431A600F
:10481000BDE8F087141E0020000000201204816013
:10482000C36101F5405342F0800210B4012442609C
:1048300001F50052046001F5805401F58041C46027
:1048400081615DF8044BC0E904237047831E0A466A
:10485000022B00D97047064B00F110014FF0010CFC
:1048600003EBC0100CFA01F14030FFF799BB00BF19
:1048700000000020831E0A46022B00D97047012148
:10488000024B814003EBC010FFF78ABB0000002001
:1048900040687047124A134BD2F8200220F07F4044
:1048A000984210B584B002D200EB800040000E4C5C
:1048B00001A90A22FFF722FA01A90023204611F8D4
:1048C000012B01333AB10A2B20F8022FF7D116231E
:1048D000237004B010BD5B00DBB2237004B010BDC8
:1048E00000441F40809698005C11002000F0CEBA72
:1048F00000F0C0BA00F05CBB00F032BB08461146C5
:1049000000F022BBF8B5144C4FF0E025134E4FF4E5
:10491000003204EB4024124F06EB40160346C5F864
:104920008C2121463A883046FFF778FF3B882344A4
:10493000BFF34F8FC5F85C4F2034A342FAD8BFF3C2
:104940004F8FBFF36F8F03203146FFF793FF4FF474
:104950000033C5F80C31F8BD80002020001700207E
:10496000E81E0020244B2DE9F0411C884368C569EE
:10497000C3F30E43E41A002C24DD204920480A78B2
:104980000078D3B21F4E82421F4807D010F8038030
:1049900036F81870C7F50072944218D90133002216
:1049A00026F81540082B194E88BF134626F8152007
:1049B00098BFDAB2C554164B0A701A6814441C60CA
:1049C000BDE8F0812846BDE8F041FFF79BBF07EB4B
:1049D0004820104922462744084401EB4521FFF7AF
:1049E000F1F80B4A284626F8187013682344BDE8EE
:1049F000F0411360FFF786BFE81E0020F31E002081
:104A0000F41E00205C1E00207C1E00206C1E002076
:104A1000581E0020800020201D4B1A78002A36D115
:104A200002F0FF031B4A12788AB32DE9F0411A4DB8
:104A30002A8852B3194EC2F50068194F3278194CC2
:104A400007EB421704EBC224424638462146FFF7E3
:104A5000E5FE04EB0802BFF34F8F4FF0E023C3F8ED
:104A6000704F2034A242FAD8BFF34F8FBFF36F8F3D
:104A700004203946FFF7EAFE33780133DBB2032B1B
:104A800088BF0023337000232B80BDE8F08170477E
:104A9000F81E0020FA1E0020EA1E0020F71E00204B
:104AA00000180020801020202DE9F04F85B0CDE9BE
:104AB0000110002900F0BF800023604CDFF89881CE
:104AC000DFF898A15E4F009301235E4A23705E4B8E
:104AD0001978B8F8003002EB4119002B40F0A7809C
:104AE0001E461D469B464846FFF7D2FE10F080004A
:104AF00000F08C80BFF34F8F9AF8003084F800B03C
:104B000005B93E68002B7DD13B689B1B782B00F2DA
:104B100087804E4B1B78002B74D000F093FA012253
:104B2000B8F8003015462270002BDCD0464AC3F599
:104B3000006011781A4600EBC120454DC902284497
:104B4000019D954217D20393DDE901512A46FFF7F3
:104B500039F8039B4FF040425B1BA8F800303D4BF7
:104B6000C3F88420BFF34F8F00980023284423709C
:104B700005B0BDE8F08F364BCD180299FFF722F84B
:104B800000234FF4006229464846FFF747FEBFF373
:104B90004F8F05F1200205F50063934234BF0123D6
:104BA00040234FF0E02205EB4313C2F8705F20353D
:104BB000AB42FAD1BFF34F8FBFF36F8F042049464A
:104BC000FFF744FE204A13780133DBB2032B84BF86
:104BD00000231D4A1370B8F80030019AD11A009AC8
:104BE0001A4401910092029A1A4400230292194A2F
:104BF000A8F80030C2F88430BFF34F8F237000292B
:104C00007FF462AF009805B0BDE8F08F4FF400620A
:104C10000D4B8AF8000019781346A8F800208AE79F
:104C2000012300988AF8003005B0BDE8F08F1A46DD
:104C3000C3F500607FE70198E5E700BFF81E00209C
:104C4000C01E002000180020F71E0020FA1E0020C1
:104C50008010202000002E40EA1E0020F61E0020BA
:104C6000704700BF2A4B002180222A4870B51B786C
:104C70000024294D8B42294E0CBF40234FF4007372
:104C80002B80338001F04EFA254A2146254B1470C3
:104C90004FF4807224481C8001F044FA234A10210A
:104CA000234B0220C2E90044C2E90244214AC3E97D
:104CB00000441470204AC3E90244204B1C70234670
:104CC00014602246FFF778FD2246318803201C4BF2
:104CD000FFF740FD2346012229880420FFF76CFDE1
:104CE00020460134FFF70EFE082CF9D1154B4A225D
:104CF00015480021154C0460C3F88410C3F88020C7
:104D0000D3F8482142F08072C3F8482170BD00BF3B
:104D1000FB1E002000180020EC1E0020E81E0020D2
:104D2000F71E0020EA1E0020001700205C1E002055
:104D30006C1E0020F31E0020581E0020F41E0020D0
:104D4000252B000000002E40E01E0020D92B000083
:104D50002DE9F04F4FF0E0234FF40032DFF8C8A008
:104D600083B0C3F88C218B469AF8004000294FD0BD
:104D70008046E4B20027DFF8B490264BABEB070285
:104D800025491B78A34204F101043FD0092C234B91
:104D9000404628BF00241E5D39F816C00CEB4623A0
:104DA00019441F4B33F81650A5EB0C05AA421CD230
:104DB0000CEB462C18491B4C61440192FEF702FF94
:104DC000216839F816505846019AA1EB0B012A4484
:104DD000394429F8162021604FF0E0234FF40032C7
:104DE000C3F80C2103B0BDE8F08F2A462F44FEF72C
:104DF000E9FE0C49E3B230460A68A844521B0A6037
:104E00008AF80030FFF77EFDBB45B6D83846E3E7A9
:104E10000846E1E7F31E0020800020207C1E0020D1
:104E20005C1E0020581E0020F41E00206C1E002076
:104E30000B4B0C4A12781978D3B28A420DD0013349
:104E400009480A4A092B0A4928BF0023C35C31F8E4
:104E5000131002EB4323585C70474FF0FF3070474C
:104E6000F31E0020F41E00207C1E00208000202065
:104E70006C1E0020044B10B51C680CB1204610BD00
:104E800000F0E0F8204610BD581E00202DE9F84F34
:104E9000144E154D33782A78934221D0DCB2DFF8D6
:104EA0005090DFF850B0DFF85080104F0134082CDC
:104EB0005FFA84FA01D90024A24619F80400DBF84D
:104EC000003038F8102037F81010521A9B1ACBF81F
:104ED0000030FFF717FD86F800A02B78A342E5D13C
:104EE000BDE8F88FF41E0020F31E00206C1E002089
:104EF0007C1E0020581E00205C1E002000B583B0E0
:104F000001210DF10700FFF723FF20B19DF80700F5
:104F100003B05DF804FB4FF0FF30F9E7094B00B533
:104F200083B01B788DF807003BB101210DF107001C
:104F3000FFF7BAFD03B05DF804FB03F0FF0003B018
:104F40005DF804FBFA1E0020044B1B7803F0FF02FF
:104F50000BB1FFF7A9BD1046704700BFFA1E002035
:104F60002DE9F0410024DFF8448001230D4D274650
:104F70000D4E88F80030337828462035A34204F1DE
:104F8000010405D0FFF784FC030658BF07F500674E
:104F9000042CF0D1BFF34F8F0023384688F800303F
:104FA000BDE8F08100180020F71E0020F81E002048
:104FB0002DE9F8431D4B1B7813B11D4D2A880AB902
:104FC000BDE8F8831B4EC2F500691B4933784A4699
:104FD0001A4C01EB43181A4F04EBC324012340463B
:104FE0003B7021460023FFF719FC04EB0902BFF3D5
:104FF0004F8F4FF0E023C3F8704F2034A242FAD80D
:10500000BFF34F8FBFF36F8F04204146FFF71EFCA5
:1050100033780133DBB2032B88BF002333700023C6
:105020002B80BFF34F8F3B70BDE8F883FA1E002042
:10503000EA1E0020F71E002000180020801020200B
:10504000F81E00202DE9F843324E337863B1324F19
:105050003A784AB90122D9073A7044D49A0726D43B
:1050600000225B073A7001D4BDE8F8832B4B1A6825
:10507000002AF9D0EFF30582002AF5D1EFF310856D
:1050800072B6186800283BD0254C2178002937D10A
:105090000122227042691A60002A38D0916105B954
:1050A00062B600258368457798472570DCE7DFF80E
:1050B0007C8098F80020002AD2D00025DFF870907C
:1050C0002B4659F823400135236820461B69984731
:1050D00010B163699B68984798F80020EBB29A4238
:1050E000EFD83378BCE7FFF7C5FE68B90D4B1B78E6
:1050F0000BB93378B2E7337803F0FE033370ADE7D2
:10510000002DB1D162B6AFE700F012F9EEE7064B21
:105110001A60C4E773110020F01E00205C1C002000
:10512000EE1E00203C1E0060681C0020EF1E0020C8
:105130006C1C002070B5EFF3108272B60C4C206826
:1051400080B10C4E00254369236073B19D6102B9A3
:1051500062B6836845779847EFF3108272B620688D
:105160000028F0D102B962B670BD3360EFE700BF2E
:10517000641C0020601C0020FFF7DCBF0449054AC6
:105180004968054B1960136801331360704700BF0D
:10519000001000E0C01E0020BC1E002000230F22D3
:1051A00048F2B82C194610B54FF470444FF4806E95
:1051B000A0F88C414FF46044A0F88E210A46A0F874
:1051C0009031B0F888319BB243F0F003A0F88831F9
:1051D00001EB4103013100EB431304299C80A3F848
:1051E00006E05A841A865A805A81A3F80EC05A8261
:1051F000DA825A83DA83EBD1B0F888319BB243F07C
:105200000F03A0F88831B0F888319BB243F4706383
:10521000A0F8883110BD00BF374B384A996F384825
:1052200041F47F0170B5996741F20106D3F880100F
:1052300045F6C05543F226040A43C3F88020FFF721
:10524000ADFF00F58040FFF7A9FF00F58040FFF7B4
:10525000A5FF00F58040FFF7A1FF0022A0F5031095
:105260004FF00F0E114600EB42134FEA421C013281
:105270009981042A5981A3F80EE09E82DD8020F8EE
:105280000C1019829C81EED100221E484FF00F0EA7
:1052900041F20106114645F6C05543F2260400EBE3
:1052A00042134FEA421C01329981042A5981A3F822
:1052B0000EE09E82DD8020F80C1019829C81EED1D8
:1052C000002211480F2641F20105114645F6C0544F
:1052D00043F2260E00EB42134FEA421C0132998141
:1052E000042A5981DE819D82DC8020F80C1019820D
:1052F000A3F80CE0EED170BD00C00F40000003FC2D
:1053000000C03D4000001E4000401E40074A506A59
:10531000936A19468446506A936A9942F9D1844542
:10532000F7D1DB0B43EA4040704700BF00400D401F
:10533000704700BF0A22002100F066BD024B014603
:10534000186800F00BB800BF00110020024B0146A6
:10535000186801F033B900BF001100202DE9F04FAB
:1053600001F10B06162E83B0044624D8102900F252
:10537000BA8000F0A3FA102618220220B54F3A4452
:10538000A2F1080153688B4200F0BA805A68D968CC
:1053900022F003021A449D68E9608D60516841F073
:1053A00001012046516003F1080500F08DFA2846FE
:1053B00003B0BDE8F08F36F0070600F19480B142EB
:1053C00000F2918000F07AFAB6F5FC7FC0F09A8185
:1053D000730A00F08F80042B00F26F81B30903F190
:1053E000390003F1380CC3009A4F3B44A3F1080580
:1053F0005B689D4206D10CE0002980F22781DB68C2
:105400009D4206D05A6822F00302911B0F29F3DD5A
:1054100060463D69DFF850C265457CD06A6822F07D
:105420000302931B0F2B00F37B81002BC7E904CCF5
:1054300080F26C81B2F5007F80F01A81D308796820
:1054400001334FEA521E012202FA0EF20A4357F8C4
:1054500033E0C5F808E007EBC3010839E9607A607A
:1054600047F83350CEF80C508310012199409142F7
:1054700057D8114206D120F003004900114200F133
:105480000400FAD007EBC0094D468646D5F80C80DB
:10549000454508D11DE1002B80F22481D8F80C800D
:1054A000454500F01681D8F8042022F00302931B32
:1054B0000F2BF0DD2046D8E9025408EB060146F038
:1054C0000106C8F80460EC60A56043F00104C7E978
:1054D0000411C1E902CC4C6048F8023000F0F4F944
:1054E00008F1080502E00C2323600025284603B0DC
:1054F000BDE8F08F4FF4007340204FF03F0C73E78E
:10550000D3689A4208BF02307FF440AF3D69DFF8AC
:1055100058C1654582D17A68831001219940914232
:10552000A7D9BD686B6823F003094E4503D8A9EBE2
:1055300006030F2B7ADCDFF834B1474BDBF8002091
:105540001B680132334405EB090A00F0338103F58F
:1055500080530F3323F47F6828F00F08414620461C
:1055600000F0A0FE411C024600F0F380824500F2EC
:10557000EE803A4B196841441960084600F04E81AC
:10558000DBF80010019301311BBFA2EB0A010918DF
:10559000CBF80020196012F0070B00F01781CBF157
:1055A00008010A44CBF5805190440831A1EB080171
:1055B000C1F30B0A51462046009200F073FE421CD4
:1055C000DDE9002300F04F81801A00EB0A0819681A
:1055D000BA6048F001005144BD425060196000F0CB
:1055E0002981B9F10F0F40F227816868A9F10C0CED
:1055F0002CF0070C00F0010040EA0C0068604FF04E
:10560000050E05EB0C00BCF10F0FC0E901EE00F236
:10561000328150681546124B1A688A4238BF1960A9
:10562000104B1A688A4238BF196094E0AA1943F0F7
:10563000010346F001066E602046BA60536000F038
:1056400043F90835284603B0BDE8F08FD9681A44FD
:10565000A1E600BFE40C0020C01C0020901C00202C
:10566000B81C0020BC1C0020EC0C0020EC1000201A
:10567000B2F5206F4FEA522363D3142B00F2B780A8
:1056800003F15C01C9005B3307EB010E7958AEF101
:10569000080E8E4500F091804B6823F0030393427F
:1056A00002D989688E45F7D1D1F80CE07A68C5E94E
:1056B000021ECEF80850CD60D6E6142B59D9542BD3
:1056C00000F29D80330B03F16F0003F16E0CC300F9
:1056D0008AE60EF1010E1EF0030F05F108057FF4B6
:1056E000D5AE51E0424445465368D8F80C1043F01B
:1056F0000103536055F8083F2046D9608B6000F0E5
:10570000E3F8F3E6F00806F1080237E62A442046FB
:10571000536843F001035360083500F0D5F8E5E61F
:10572000A919204646F0010643F001046E60C7E95E
:105730000411C1E902CC4C60AB5000F0C5F808354B
:10574000D4E6930903F13901C90038339CE7BD421F
:105750005FD0BD68686820F003084645A8EB0603E3
:1057600002D80F2B3FF762AF204600F0ADF80025BE
:10577000BCE603F15C0003F15B0CC30034E659F8AE
:1057800008394B4540F0968010F0030F00F1FF30D0
:10579000F5D17B6823EA01037B60490099423FF61B
:1057A000C0AE19B9BDE649000EF1040E1942FAD097
:1057B000704667E603F11008D0E69A104FF0010832
:1057C0007B6808FA02F21A437A6070E702EB08017C
:1057D0004942C1F30B0A51462046009200F062FD97
:1057E000431CDDE900237FF4EFAEDA46EFE6542BED
:1057F00025D8130B03F16F01C9006E3344E7B3F5ED
:10580000AA7F25D8F30B03F1780003F1770CC300CE
:10581000EAE5294B186840441860B1E6CAF30B0C5E
:10582000BCF1000F7FF4ACAEBD68C84448F0010085
:105830006860F0E61546EEE60123536094E7B3F5A1
:10584000AA7F23D8D30B03F17801C90077331BE774
:1058500040F25452934223D8B30C03F17D0003F17C
:105860007C0CC300C0E5ABF1080BD844A8EB0208E0
:105870004FF0000AABE605F108012046009300F066
:105880009DFEBD68009B68681968C4E640F25451EB
:105890008B420BD8930C03F17D01C9007C33F3E6F6
:1058A0004FF47E737F204FF07E0C9DE54FF47E71A8
:1058B0007E23E9E67B6870E7901C0020014800F039
:1058C000A5BD00BF881C0020014800F0A1BD00BF9D
:1058D000881C002010B4044C03460A4620685DF87A
:1058E000044B194600F002B8001100202DE9F84FD2
:1058F0001746002900F098800C4607F10B058046FA
:10590000FFF7DCFF162D54F8041C5BD810252A463F
:10591000AF425CD821F003069642A4F1080962DA8E
:10592000BC4BD3F808C009EB0600844500F0978013
:10593000D0F804C02CF0010303445B68DB0768D493
:105940002CF0030C06EB0C03934247DACB0710D480
:1059500054F8083CA9EB030ADAF8043023F00301F9
:105960008C44B444944580F211817318934280F2C0
:10597000E88039464046FFF7F1FC0746E0B154F8AD
:10598000043C23F001034B44A0F10802934200F0D1
:10599000D280321F242A00F2F580132A00F2AC8054
:1059A00003462246116819605168596092689A60EE
:1059B0002146404600F002FE4046FFF785FF38468C
:1059C000BDE8F88F25F00705002D2A46A0DA0C2344
:1059D000C8F8003000273846BDE8F88F1E46D0E9E9
:1059E0000223D3609A60731B0F2B22D8D9F804309E
:1059F00003F0010333434E44C9F80430736843F0A5
:105A00000103736040462746FFF75EFF3846BDE856
:105A1000F88FC907ADD454F8083CA9EB030ADAF8AB
:105A2000041021F00301A0E7BDE8F84F1146FFF78D
:105A300095BCD9F8042009EB050102F001024E449F
:105A400043F001032A43C9F804204B60736843F014
:105A5000010308317360404600F0B0FDD2E7DCF886
:105A6000040020F0030B06EB0B0C05F1100084453D
:105A70004DDAC9073FF57DAF54F8081CA9EB010AC0
:105A8000DAF8041021F003018B44B34458453FF782
:105A90006CAF5746DAF80C1057F8080F321F242A5B
:105AA000C160886000F2DB80132A40F2D680216852
:105AB000CAF808106168CAF80C101B2A00F2DF80CF
:105AC00008340AF110022168116061685160A16810
:105AD00091600AEB0501ABEB050242F0010299600F
:105AE0004A60DAF8043003F001032B434046CAF859
:105AF0000430FFF7E9FE6EE72368036063684360E4
:105B00001B2A68D804F1080200F108034AE709EBF0
:105B100005029A60ACEB050343F00103536054F8AF
:105B2000043C03F001032B43404644F8043CFFF7D8
:105B3000CBFE27464FE750F8043C23F003031E44F6
:105B400051E75746DAF80C1057F8080F321F242A8D
:105B5000C16088604CD8132A48D92168CAF8081057
:105B60006168CAF80C101B2A56D808340AF11002D2
:105B70001E462368136063685360A3689360D14630
:105B80003C4630E7214600F051FA11E7D0E9021314
:105B90005746CB60996057F8081FDAF80C30CB6095
:105BA000321F242A99602DD8132A29D92368CAF8CC
:105BB00008306368CAF80C301B2A42D808340AF14E
:105BC000100322681A6062685A60A2689A6066468A
:105BD000D1463C4607E7A3688360E368C360242A94
:105BE00026D004F1100200F11003DBE63A46BFE7CD
:105BF000214638461E46D14600F018FA3C46F2E6E9
:105C00003B46DEE7214638466646D14600F00EFAAE
:105C10003C46E8E6E40C0020A168CAF81010E168F0
:105C2000CAF81410242A20D010340AF118029FE771
:105C3000236903616169416104F1180200F11803ED
:105C4000B0E6A368CAF81030E368CAF81430242A12
:105C500021D010340AF11803B3E73A4633E721465E
:105C6000384600F0E3F9164B33E72269CAF81820EA
:105C70006269CAF81C2018340AF1200278E7A1688A
:105C8000CAF81010E168CAF81410242A0DD0103494
:105C90000AF1180217E72369CAF818306369CAF8CD
:105CA0001C3018340AF120038BE72269CAF8182047
:105CB0006269CAF81C2018340AF1200203E700BF09
:105CC000E40C0020012B2DE9F84F40D0242B9846FE
:105CD0003DD84C4D8E4676461EF801BB15F80B405C
:105CE00014F00804F7D1BBF12D0F72D0BBF12B0FCC
:105CF00008BF9EF800B06FF0004908BF06F1020E21
:105D0000002B42D0102B57D0B9FBF8F700252E46B8
:105D100008FB179A05E033D008FB06C601251EF8DC
:105D200001BBABF1300CBCF1090F06D9ABF1410C52
:105D3000BCF1190F12D8ABF1370C634517DDB5F183
:105D4000FF3FECD0B742E6D24FF0FF35E7E700F077
:105D5000D1FA162303600020BDE8F88FABF1610C87
:105D6000BCF1190F03D8ABF1570C6345E7DC6B1C92
:105D700027D08CB90AB1A5BB11603046BDE8F88FB9
:105D8000E245C9DA4FF0FF35C9E7BBF1300F05D066
:105D90004FF00A084346B7E77642EBE79EF800303B
:105DA00003F0DF03582B21D14FF010089EF801B00B
:105DB00043460EF1020EA7E7BBF1300F1AD098460A
:105DC000A2E72223036072B10EF1FF314E4611604B
:105DD000D3E79EF800B04FF0004906F1020E01240F
:105DE0008EE7B146F0E74E463046C7E74FF0080869
:105DF000434689E79EF8005005F0DF05582DD3D0C3
:105E0000984681E7B904002010B4054C8446134637
:105E100020685DF8044B0A466146FFF753BF00BF98
:105E2000001100200EB410B59DB06FF000411FAB03
:105E3000CDE906010491094953F8042B0290084C5E
:105E40000868019302A9059400F0D6FC029B002289
:105E50001A701DB0BDE8104003B07047001100205B
:105E60000802FFFF024A0349034800F0BBB800BF25
:105E7000F4100020756C0000280A00200C4B4168CB
:105E8000994210B5044601D002F014FEA168094BF6
:105E9000994202D0204602F00DFEE168064B99427D
:105EA00004D02046BDE8104002F004BE10BD00BF83
:105EB000C41C00202C1D0020941D00202DE9F84357
:105EC0002A4C2B4B2B48DFF8C090DFF8C0802A4FBC
:105ED0001860002504230822294604F15C00274E9F
:105EE0006566C4E90253C4E90055C4E90455A561D7
:105EF00000F018F9224B63670822294604F1C40018
:105F0000C4E90749C4E90987C4E91A55C4E91E551B
:105F1000C4F8CC502567C4F88050E66200F002F95E
:105F2000184BC4F8DC30294604F16803082204F554
:105F30009670C4F88430C4E92298C4E92476C4E990
:105F40003455C4E93855C4F83451C4F8D850C4F8AD
:105F5000E85000F0E7F804F1D003C4E93C98C4E944
:105F60003E76C4F8EC30BDE8F88300BFC41C0020C6
:105F7000FC1D002025400000256F0000456F00003B
:105F80000900010012000200C16E0000E56E000071
:105F900010B504460A4800F039FA636B23B9094B7F
:105FA000094A1B68626323B1BDE81040044800F051
:105FB0002FBAFFF783FFBDE81040014800F028BA70
:105FC0008C1C0020FC1D00203D400000014800F01A
:105FD0001DBA00BF8C1C0020014800F019BA00BF98
:105FE0008C1C00202DE9F84380460F4616464FF0E2
:105FF0000009D6E90154013D11D4A389012B05F113
:10600000FF3508D9B4F90E300133214603D040469C
:10601000B84749EA00096B1C04F16804EDD1366801
:10602000002EE6D14846BDE8F88300BF88420DD96E
:106030008B1883420AD900EB020CBAB1624613F8FE
:1060400001CD02F801CD9942F9D170470F2A0ED83F
:10605000034602F1FF3C4AB10CF1010C013B8C44B8
:1060600011F8012B03F8012F6145F9D1704740EA7F
:1060700001039B0750D1A2F1100370B501F1200C70
:1060800023F00F0501F1100E00F11004AC441B09C0
:106090005EF8105C44F8105C5EF80C5C44F80C5C34
:1060A0005EF8085C44F8085C5EF8045C44F8045C44
:1060B0000EF1100EE64504F11004E9D1013312F09F
:1060C0000C0F01EB031102F00F0400EB031327D0B8
:1060D000043C24F003064FEA940C1E441C1F8E4619
:1060E0005EF8045B44F8045FB442F9D10CF101049A
:1060F00002F0030203EB840301EB840102F1FF3C95
:106100004AB10CF1010C013B8C4411F8012B03F84E
:10611000012F6145F9D170BD02F1FF3C03469BE7B9
:106120002246EBE7830730B548D0541E002A3FD003
:10613000CAB2034601E0013C3AD303F8012B9D07A4
:10614000F9D1032C2DD9CDB245EA05250F2C45EA0E
:10615000054536D9A4F1100222F00F0C03F1200EF0
:10616000E6444FEA121C03F1100242E9045542E9E9
:10617000025510327245F8D10CF1010214F00C0FE7
:1061800003EB021204F00F0C13D0ACF1040323F064
:1061900003030433134442F8045B9342FBD10CF035
:1061A00003042CB1C9B21C4403F8011B9C42FBD16F
:1061B00030BD64461346002CF4D1F9E7034614467B
:1061C000BFE71A46A446E0E740EA01039B0730B563
:1061D00001D1032A0FD8844601F1FF3E07E01EF8E3
:1061E000011F03F8011B541EC1B19C4622466346A1
:1061F000002AF4D130BD0B468446194653F8045B9F
:10620000A5F1013424EA050414F0803FE4D1043AF6
:10621000032A4CF8045B1946EFD8DDE79444002CC0
:10622000E8D003F8011B6345FBD130BDF0B407464D
:1062300010B33E468C4616F8010B01E0A04216D082
:106240001CF8014B002CF9D1D8B116F8015B0C46B3
:1062500001E0002BF9D014F8013B9D42F9D14DB17A
:10626000002306F8013C16603846F0BC70475BB16D
:106270003746DEE72E46F6E71768002FD9D13846B5
:10628000F3E7F0BC10607047166038463B70ECE7EF
:106290000123FFF7CBBF00BF014B93F828017047E4
:1062A000780B002038B5074D0022044608462A60C6
:1062B000FDF716FE431C00D038BD2B68002BFBD029
:1062C000236038BD181E002038B50C46084D8446A2
:1062D000114620461A4600232B606446FDF722F83B
:1062E000431C00D038BD2B68002BFBD0236038BD89
:1062F000181E0020014B1868704700BF00110020D5
:1063000080EA0102844612F0030F4FD111F0030F0F
:1063100032D14DF8044D11F0040F51F8043B0BD06D
:10632000A3F101329A4312F0803F04BF4CF8043BC2
:1063300051F8043B16D100BF51F8044BA3F10132D0
:106340009A4312F0803FA4F101320BD14CF8043B88
:10635000A24312F0803F04BF51F8043B4CF8044BB9
:10636000EAD023460CF8013B13F0FF0F4FEA33232A
:10637000F8D15DF8044B704711F0010F06D011F809
:10638000012B0CF8012B002A08BF704711F0020FF7
:10639000BFD031F8022B12F0FF0F16BF2CF8022BE2
:1063A0008CF8002012F47F4FB3D1704711F8012B05
:1063B0000CF8012B002AF9D1704700BF70B50D4EC3
:1063C0000D4D761BB61006D0002455F8043B013461
:1063D0009847A642F9D1094E094D761B05F018FAE7
:1063E000B61006D0002455F8043B01349847A64265
:1063F000F9D170BD381C0060381C0060441C00607E
:10640000381C0060704700BF704700BF704700BF76
:10641000704700BF00000000000000000000000006
:10642000000000000000000000000000000000006C
:10643000000000000000000000000000000000005C
:1064400090F800F06DE9024520F007016FF0000CB4
:1064500010F0070491F820F040F049804FF000045C
:106460006FF00700D1E9002391F840F000F1080037
:1064700082FA4CF2A4FA8CF283FA4CF3A2FA8CF36F
:106480004BBBD1E9022382FA4CF200F10800A4FAD6
:106490008CF283FA4CF3A2FA8CF3E3B9D1E904232A
:1064A00082FA4CF200F10800A4FA8CF283FA4CF361
:1064B000A2FA8CF37BB9D1E9062301F1200182FA1B
:1064C0004CF200F10800A4FA8CF283FA4CF3A2FA21
:1064D0008CF3002BC6D0002A04BF04301A4612BA2F
:1064E000B2FA82F2FDE8024500EBD2007047D1E932
:1064F000002304F00305C4F100004FEAC50514F0C1
:10650000040F91F840F00CFA05F562EA05021CBF91
:1065100063EA050362464FF00004A9E7F8B5244F8B
:106520000C460646FFF7CAF9BB685D68C4F57E6194
:106530000F3125F003054B1923F47F6323F00F037C
:10654000A3F58054B4F5805F07DB00213046FFF7E8
:10655000A9FEBB682B44984204D03046FFF7B4F93B
:106560000020F8BD61423046FFF79CFE01300DD09F
:10657000104ABB682D1B45F001055D60136830466D
:106580001B1B1360FFF7A0F90120F8BD0021304666
:10659000FFF788FEBA68831A0F2BDEDD43F0010394
:1065A0005360054B03491B68C01A0860D5E700BF5C
:1065B000E40C0020901C0020EC100020002961D089
:1065C000F8B50C460646FFF779F954F8042C7B4FD2
:1065D000A4F1080522F0010105EB010CB868DCF814
:1065E0000430604523F0030300F08B80D207CCF821
:1065F000043032D454F8082CAD1A1144AA6807F1BB
:10660000080082426AD00CEB0304D4F804E0EC6882
:10661000D4601EF0010FA26000F0978041F00103EA
:106620006B60CCF80010B1F5007F35D27868CB08EC
:106630000122490901338A40024357F833107A6036
:1066400007EBC302083AC5E9021247F83350CD60A0
:106650003046BDE8F840FFF737B90CEB030252684B
:10666000D00710D4194407F10800DCF80830834241
:1066700073D0DCF80C20DA60936041F001036B60AA
:106680006950D0E7704741F00103B1F5007F44F84D
:10669000043CCCF80010C9D3B1F5206F4FEA512368
:1066A00048D28B0903F1390003F13802C300F8180E
:1066B000FB580838984259D05A6822F003028A429F
:1066C00002D99B689842F7D1D868C5E90230856045
:1066D000DD603046BDE8F840FFF7F6B80CEB03028A
:1066E0005268D20763D40B44DCE90212CA6091609D
:1066F00043F001026A603046EB50BDE8F840FFF716
:10670000E3B80B44D10707D454F8082CAD1A13444E
:10671000D5E90212CA60916043F001026A60284A1A
:10672000BD6012689A4293D8264B30461968FFF72D
:10673000F5FE8DE7142B0AD9542B1FD80B0B03F150
:106740006F0003F16E02C300B1E719448DE703F156
:106750005C0003F15B02C300A9E741F00103C7E954
:106760000455C5E902006B60695071E779689210C1
:10677000012404FA02F20A437A60A6E7B3F5AA7F7D
:1067800006D8CB0B03F1780003F17702C3008EE744
:1067900040F25452934206D88B0C03F17D0003F172
:1067A0007C02C30083E74FF47E737E227FE741F0D3
:1067B00001036B60CCF800104AE700BFE40C002036
:1067C000F0100020C01C002082B049B15AB16BB15A
:1067D00013780B601278101E18BF012002B07047AA
:1067E00001A9002AF3D1104602B070476FF00100F2
:1067F000F4E700BF000000002DE9F04F2DED088BFD
:10680000D1B00C460BEE101A90460893834602F066
:10681000CBFA036812931846FFF712FE20AF1090D0
:10682000082200213846FFF77DFCA3891B0603D50B
:106830002369002B00F0558700239FED838B9FED8C
:10684000849BCDE92533CDE91333CDE9153327AA50
:106850000E9324929246119304934446A1467E4B94
:10686000D3F8E450FFF718FD4A4603461CA90097E9
:106870005846A847002800F0B080C0F2A6801C9AB5
:10688000252A034601D09944E9E7B9EB04050646F9
:1068900040F0A78000234FF0FF328DF86730984614
:1068A000069309F1010999F8003003922B2520265F
:1068B00009F10109A3F120025A2A00F2CF80DFE892
:1068C00012F0E802CD00CD00E302CD00CD00CD00F6
:1068D0006A00CD00CD0005028402CD001002C9027D
:1068E000CD00BD025B005B005B005B005B005B00FA
:1068F0005B005B005B00CD00CD00CD00CD00CD0086
:10690000CD00CD005301CD0083011A025301530184
:106910005301CD00CD00CD00CD001502CD00CD003E
:106920009602CD00CD00CD00AB01CD00AA02CD0076
:10693000CD00E306CD00CD00CD00CD00CD00CD00D3
:10694000CD00CD005301CD008301DE015301530181
:1069500053017702DE017F00CD008902CD005F0286
:10696000E0062F027F00CD00AB017C00B806CD0011
:10697000CD00BD06CD007C00A3F13002002119F846
:10698000013B01EB810102EB4101A3F13002092A35
:10699000F5D906918EE7584602F006FA436815933A
:1069A0001846FFF74DFD1690584602F0FDF9836832
:1069B0001393169B002B40F02D8699F8003077E753
:1069C00099F8003048F0200872E708220021384684
:1069D000FFF7A8FB0123994441E7B9EB04050646FC
:1069E00011D0269B2B442693259B0133072BCAE904
:1069F000004525931CDC0AF1080A049B2B440493F0
:106A0000002E7FF447AF269B002B41F00B821BEE3C
:106A1000103AB3F90C3013F0400F049B18BF4FF03D
:106A2000FF330493049851B0BDEC088BBDE8F08FA0
:106A30001BEE101A24AA584603F034FA0028E6D1B7
:106A40000DF19C0AD9E700BF000000000000000023
:106A5000FFFFFFFFFFFFEF7F780B00200B93002B62
:106A6000D1D00021CDE90C118DF8DC3001238DF857
:106A7000671002930791059303910F9137AC18F0BB
:106A80000203099302D0029B0233029318F084039D
:106A90000A9305D1069B029A9D1A002D00F3698383
:106AA000269A89B125990DF1670001310132CAF8A2
:106AB000000007294FF0010026922591CAF8040032
:106AC00000F3A2830AF1080A099B83B1259B1AA946
:106AD00001330232CAF80010072B4FF00201269250
:106AE0002593CAF8041000F3A3830AF1080A0A9B4D
:106AF000802B00F06C82039B05995D1A002D00F33A
:106B0000A58218F4807F40F00D82059BCAF80430FE
:106B10001A44259BCAF800400133072B269225937F
:106B200000F31B830AF1080A18F0040F05D0069B36
:106B300002995C1A002C00F38883049B0699029842
:106B40008142ACBF5B181B180493002A40F0B0824E
:106B500000232593079B1BB107995846FFF72EFD8D
:106B60000DF19C0A4C4679E60B93089B073323F002
:106B70000703B3EC028BB0EEC87BB4EE497BF1EEB9
:106B800010FA089340F3E984B5EEC08BF1EE10FAE9
:106B900001F159809DF86710AB4CAC4B28F0800890
:106BA0000B9A472AC8BF1C460023CDE90C330322A9
:106BB00007930292059203930F9300293FF45FAF6E
:106BC000029B013302935AE7432B0B9303D018F037
:106BD000100F00F05D85089D0822002122A837AC27
:106BE000FFF7A0FA22AB55F8042B2146584602F0D5
:106BF0006FF903460133059001F0EE82059B08957D
:106C000023EAE37302930021CDE90C118DF867109C
:106C1000079103910F9132E70B93089B1A460023CB
:106C20008DF86730134653F8044B0893002C00F09E
:106C300048850B9B532B00F0EC8618F010030C9347
:106C400040F0E786039B5D1C01F0E5800C991A4635
:106C5000204602F0EDF80790002801F02883079BFA
:106C60001A1B05920C9B039322EAE2720F930D9379
:106C7000079373239DF8671002920B939DE718F01A
:106C8000200F0B93089B3DD0073323F007031A46D0
:106C900011465B6851F8082B08911946002BC0F289
:106CA0000C84039B013300F09E8228F0800052EA9E
:106CB0000103029040F09982039B002B40F09A82DE
:106CC000804600230393059350AC06E1089B53F8DC
:106CD000042B0692002A80F21984069A08935242E5
:106CE000069299F8003048F00408E1E599F8003080
:106CF00048F00808DCE548F0100818F0200F0B9366
:106D0000089BC1D118F0100F40F00B8418F0400F11
:106D100000F0038433F9042B0893D1170B46BDE729
:106D2000089B48F00202029253F8042B089347F69E
:106D30003003ADF868307820454B119300210223D1
:106D40000B900020039C8DF86700601C00F0AD8064
:106D5000029820F0800852EA010040F0A480002C44
:106D600040F0AE86002BACD1029B13F001030593DB
:106D700000F0D18330238DF83F310DF23F14ACE0A9
:106D800018F0200F40F0D48318F0100F40F09F86C9
:106D900018F0400F40F0978718F4007F00F09786B6
:106DA000089B049953F8042B089311704C4655E541
:106DB00099F80030682B03BF99F8013048F4007847
:106DC00009F1010948F0400872E599F800308DF8A2
:106DD00067506DE599F800306C2B03BF99F80130CE
:106DE00048F0200809F1010948F0100860E50B930C
:106DF00048F0100818F0200100F05183089B073379
:106E000023F00703596853F8082B089328F480638C
:106E10000293002395E70B9348F010030293029B23
:106E200013F0200100F02983089B073323F00703A8
:106E3000596853F8082B0893012382E799F800302A
:106E400048F0800834E500BF30060020AC03002085
:106E500038060020494611F8013B2A2B01F04982EF
:106E6000A3F13002092A894698BF002101F244812A
:106E700019F8013B01EB810102EB4101A3F1300262
:106E8000092AF5D9039115E599F8003048F0010871
:106E90000EE59DF86730002B7FF48FAD99F8003038
:106EA0008DF8676004E5CDF80880012B00F09D8126
:106EB000022B50AC20D1119802F00F031209C35CD1
:106EC00004F8013D42EA0172090952EA0103F3D1D3
:106ED00050AB1B1BDDF808800593059A03989DF8BD
:106EE000671082424FF00003B8BF0246CDE90C3371
:106EF000079302920F9360E602F00703D20842EA7A
:106F00004172C908303352EA0105204604F8013DB8
:106F1000F2D1029AD10700F14D8250AB1B1B904673
:106F20000593DAE70B9B652B40F3D480B5EE408BDD
:106F3000F1EE10FA40F0C181259BBA49CAF8001061
:106F4000013301320121072B26922593CAF8041040
:106F500000F351850AF1080A1B9B0E998B4280F2BF
:106F6000D082109B12991A44CAE90013259B2692DD
:106F70000133072B259300F397830AF1080A0E9B30
:106F80005C1E002C7FF7D0AD102C259B40F36E8546
:106F90001BEE106A102505E00AF1080A103C102CBF
:106FA00040F364850133A0491032072BCAE900156C
:106FB000CDE92532F0DD24AA3146584602F072FFB1
:106FC00000287ED1DDE925320DF19C0AE6E7069B1B
:106FD00002995D1A002D7FF78EAD102D259B21DDC6
:106FE000099410261BEE104A04E0103D102D0AF102
:106FF000080A16DD01338C491032072BCAE9001646
:10700000CDE92532F1DD24AA214658460DF19C0A2E
:1070100002F048FF002854D1103D102DDDE9253243
:10702000E8DC099C8049CAF8045001332A44072B44
:10703000CDE92532CAF8001000F32685039B059997
:107040005D1A002D0AF1080A7FF75BAD102D259B14
:107050001FDD514610261BEE10AA04E0103D102D36
:1070600001F1080114DD01336F481032072BC1E92B
:107070000006CDE92532F1DD24AA5146584602F03A
:1070800011FFF0B9103D102DDDE9253227A9EADC0A
:107090008A4601336449CAF804502A44072BCDE9D3
:1070A0002532CAF8001000F3DA810AF1080A28E54F
:1070B0001BEE101A24AA584602F0F4FE00283FF4F2
:1070C00047AD079B002B3FF4A2AC07995846FFF74A
:1070D00075FA9CE40E9B012B40F37A81259BCAF83C
:1070E0000040013301320121072B26922593CAF873
:1070F000041000F3F8810AF1080A1099129801337C
:107100000A44072BCAE90001CDE9253200F3DD81ED
:107110000AF1080AB5EE408BF1EE10FA00F0778123
:107120000E990133013901340A44072BCAF8004093
:107130002593CAF80410269200F35B810AF1080A2D
:107140001499CAF8041001330A44072B1EA9CDE98B
:107150002532CAF800107FF7E5AC1BEE101A24AAFE
:10716000584602F09FFE0028ABD1269A0DF19C0AEA
:10717000DAE4102DDDE925122C4E24DD17941023BE
:107180001BEE104A084604E0103D102D0AF1080AD3
:1071900017DD013010320728CAE90063CDE9250266
:1071A000F2DD24AA214658460DF19C0A02F07AFE2F
:1071B000002886D1103D102DDDE925024FF0100387
:1071C000E7DC179C014601312A440729CDE9251245
:1071D000CAF80060CAF8045000F3BD839DF8671038
:1071E0000AF1080A5DE4CDF808800A2A71F100036B
:1071F00080F0458330320123DDF808808DF83F218F
:1072000005930DF23F1468E61BEE101A24AA5846A7
:1072100002F048FE00287FF454AF269A0DF19C0A34
:1072200052E400BF68060020040A00206C0600201B
:107230001BEE101A24AA584602F034FE00287FF4F0
:1072400040AF269A0DF19C0A51E4102C259BBE4EAE
:107250001FDD1BEE108A102504E0103C102C0AF1F3
:10726000080A16DD01331032072BCAE90065CDE9A3
:107270002532F2DD24AA414658460DF19C0A02F05F
:1072800011FE00287FF41DAF103C102CDDE92532E3
:10729000E8DC01332244072BCAE90064CDE925323A
:1072A0007FF74BAC1BEE101A24AA584602F0FAFDE9
:1072B00000287FF406AF269A3FE41B99002940F38B
:1072C0005A830C9E0E9B9E42A8BF1E46002E0BDDCD
:1072D000259B01333244072BCAE9004626922593A9
:1072E00000F389860AF1080A0C9D002EA8BFAD1B89
:1072F000002D00F303820C9B18F4806F2344059348
:1073000040F01F821B9B0E998B4203DB18F0010F8C
:1073100000F0CF84109912980A44CAE90001259917
:10732000269201310729259100F3A5860AF1080A62
:107330000E996518CC1A059BED1AA542A8BF2546E3
:10734000002D0DDDCAF80030259BCAF8045001332A
:107350002A44072B2692259300F3BB860AF1080ADC
:10736000002DA8BF641B002C7FF7DEAB102C259BE3
:1073700040F37C831BEE106A102505E00AF1080A31
:10738000103C102C40F37283013370491032072BEC
:10739000CAE90015CDE92532F0DD24AA3146584668
:1073A00002F080FD00287FF48CAEDDE925320DF17E
:1073B0009C0AE5E7302B3FF48BAD3023023804F80C
:1073C000013C50AB1B1ADDF808800593044684E5A8
:1073D00018F0010F7FF482AE259BCAF800400133FC
:1073E00001320121072B26922593CAF804107FF75A
:1073F000A5AE1BEE101A24AA584602F053FD002831
:107400007FF45FAEDDE925320DF19C0A98E60E9916
:107410004C1E002C7FF794AE102C40F361831BEEC2
:10742000106A102505E00AF1080A103C102C40F300
:107430005783013345491032072BCAE90015CDE9BE
:107440002532F0DD24AA3146584602F02BFD0028F3
:107450007FF437AEDDE925320DF19C0AE5E71BEE3E
:10746000101A24AA584602F01DFD00287FF429AE08
:10747000269A0DF19C0AFFF744BB029B13F0100300
:1074800040F0C180029A12F0400200F07A8308981E
:1074900050F8042B0890194692B2012351E418F0D9
:1074A000100355D118F0400200F05D83089850F8A1
:1074B000042B0890194692B2A8E4524261EB4101B4
:1074C000CDF808802D2001233CE41BEE101A24AADD
:1074D000584602F0E7FC00287FF4F3ADDDE92532E1
:1074E0000DF19C0A16E61BEE101A24AA584602F06B
:1074F000D9FC00287FF4E5ADDDE925320DF19C0AC9
:10750000FBE518F0010F3FF40FAB2AE5089399F85B
:107510000030FFF7CDB950ACDFE418F4007F40F045
:10752000DB8353F8042B0893D1170B46FFF7B6BB48
:10753000089B049853F8041B0893C217C1E9000282
:107540004C46FFF78BB900BF6C060020040A0020F0
:10755000089B53F8042B089358E4B4EE488BF1EEE3
:1075600010FA80F194860B9B612B00F05285412B21
:1075700000F0C085039B01330B9B23F0200500F036
:107580008084472D04D1039B002B08BF0123039364
:1075900018EE903A002B48F480724646C0F21886E6
:1075A000B0EE48AB00239046099307930B9B413BF9
:1075B000252B00F29883DFE813F06F0496039603FF
:1075C000960368046C049603960396039603960349
:1075D00096039603960396039603960396039603E3
:1075E00096039603960396039603960396039603D3
:1075F00096039603960396039603960396039603C3
:10760000960368046C04089B53F8042B0893012329
:10761000FFF797BB139B002B3FF4CFA9139B1B785D
:10762000002B3FF4CAA999F8003048F48068FFF7AE
:107630003FB90B93CDF80880FFF7F1BB0B939A4B42
:10764000119318F0200100F00581089B073323F007
:107650000703596853F8082B089318F0010F0AD054
:1076600052EA010307D00B9B8DF86930302348F0B4
:1076700002088DF8683028F4806302930223FFF734
:1076800060BB0B93FFF7B6BB0B93884B1193D8E706
:10769000089B012153F8042B02918DF8DC200893FC
:1076A000059137ACFFF7AFBA1BEE101A24AA584663
:1076B00002F0F8FB00287FF404AD269A0DF19C0A35
:1076C0005DE4039B0794062B224628BF0623039400
:1076D0002146CDE90C22764C029305930F92FFF7D9
:1076E0006CBA40215846FDF739FE20602061002821
:1076F00000F00F8640236361FFF79EB8102D259B95
:1077000040F35D82514610261BEE10AA04E00831BA
:10771000103D102D40F35282013366481032072B82
:10772000C1E90006CDE92532F1DD24AA51465846CB
:1077300002F0B8FB00287FF4C4ACDDE9253227A9AC
:10774000E6E70E9BCDF82490E31803930D9BCDF84C
:107750002880139E059DDDF85890DDF83C800B9441
:107760001BEE101A5046002B34D0B8F1000F35D163
:107770000D9B013B013E0D93159BC0E90039259BF4
:1077800001334A44072B269225936CDC0830039B77
:1077900096F800C05B1B6345A8BF6346002B9A4662
:1077A0000CDD259C01341A44072CC0E900532692B5
:1077B000259400F3778196F800C00830BAF1000FE5
:1077C000ACBFACEB0A046446002C0ADC65440D9B9C
:1077D000002BCAD1B8F1000F00F0AC8308F1FF38DC
:1077E000CAE7102CDDF894C024DD05954FF0100A8F
:1077F00063460D4604E0103C102C00F1080016DD35
:1078000001332C491032072BC0E9001ACDE925328B
:10781000F1DD24AA2946584602F044FB00287FF4F3
:1078200050AC103C102CDDE9253227A8E8DC2946B5
:10783000059D9C460CF1010322444460072B1D4C1E
:107840000460CDE9253200F3C68396F800C0083005
:107850006544BCE718F0100300F0C280089B53F8A1
:10786000042B0893F9E624AA5846059102F01AFB66
:1078700000287FF426AC269A059927A887E7029866
:10788000CDF81CA050AC00F4806000250AEE10BAC0
:10789000094BDDF84CA0CDF81490A3464FF0050835
:1078A000AC46044610E000BF380600204C0600201D
:1078B00060060020040A0020CDCCCCCC0A2A71F14D
:1078C000000136D34A463146501840F10000A3FB70
:1078D000005626F0030505EB9605401B151A4FF0E0
:1078E000CC3661F1000E06FB05F6A5FB039503FB04
:1078F0000E6609F0010E2E44AEFB085E2D184FEA0D
:10790000590930350BF8015C49EAC6790CF1010CD4
:107910000BF1FF3B7608002CD0D09AF8000084458C
:10792000CCD1BCF1FF0FC9D00A2A71F1000180F05F
:107930008F815C4650AB1B1BDDF81490CDF84CA03A
:107940001AEE10BADDF81CA0DDF80880CDF838C0BA
:107950000593FFF7C2BA1BEE101A24AA584602F08C
:10796000A1FA00287FF4ADAB9DF86710269A0DF1BF
:107970009C0AFFF796B8259BBE48CAF80000013361
:1079800001320120072B26922593CAF8040000F348
:1079900077810AF1080A002940F0AF800E9908F0BB
:1079A00001030B433FF4C0A8109B12991A44CAE983
:1079B0000013259B26920133072B259300F3528257
:1079C0000AF1080A0E99CAF8004001330A44072B4D
:1079D000CDE92532CAF804107FF7A4A8FFF7BDBB94
:1079E00018F0400200F0DD80089850F8042B089051
:1079F000194692B231E61BEE101A24AA584602F03C
:107A000051FA00287FF45DAB269A0DF19C0AFFF72E
:107A1000A3BA22AE0822002130461D94FEF782FB55
:107A2000039B5A1C00F0DB800025CDF80890CDF8B0
:107A30001C809946A8460CE037A9584601F048FA40
:107A4000431C404400F0C883484508DC00F018841B
:107A500080461D9A525933460435002AECD1CDF8A0
:107A60001480DDF80890DDF81C80C5E00133824900
:107A7000CAF804402244072BCAF80010CDE9253289
:107A80007FF750A8FFF769BB1BEE101A24AA5846CF
:107A900002F008FA00287FF414AB269A0DF19C0A34
:107AA000FFF729B824AA5846059102F0FBF90028EF
:107AB0007FF407AB96F800C0269A059927A87DE6C3
:107AC000012BCDF808807FF4F3A9FFF793BB089B47
:107AD000049953F8042B4C4611600893FEF7BEBE80
:107AE00001336549CAF804402244072BCDE9253209
:107AF000CAF800107FF722AB7BE4109B12981A445F
:107B0000CAE90003259B26920133072B259300F336
:107B1000A9810AF1080A0029BFF654AF4D4210317D
:107B200080F20F831BEE101A102605E00AF1080AF6
:107B3000103D102D40F3058301334F481032072BC1
:107B4000CAE90006CDE92532F0DD24AA58460391A2
:107B500002F0A8F900287FF4B4AADDE925320399E0
:107B60000DF19C0AE4E7089B18F400711ABF114656
:107B700053F8042B53F8042B089318BFD2B2FFF725
:107B800045B9029B13F40071089B1ABF114653F8C4
:107B9000042B53F8042B089318BFD2B20123FFF72C
:107BA000D0B8089B18F400711ABF114653F8042B83
:107BB00053F8042B089318BFD2B24EE58A4601331E
:107BC0002D49CAF804502A44072BCDE92532CAF8BA
:107BD000001000F339810AF1080AFFF78CBB00237B
:107BE000194600961DAA584601F098F9034601333C
:107BF000059000F0F1821D94059B002B4ED0632B65
:107C000000F318810023079337AC08220021304687
:107C1000FEF788FA059D00962B461DAA2146584678
:107C200001F07CF9854240F07C83059A0023A3543F
:107C300022EAE272CDE90C339DF8671003930292B9
:107C40000F93FEF7BABF2D218DF86710FEF7A4BF82
:107C5000169B1599ABEB030B1A465846FEF7B4FA80
:107C60009AF80120054B0AB10AF1010A4FF0000C05
:107C700028E600BF68060020040A0020CDCCCCCC4A
:107C80001BEE101A24AA584602F00CF900287FF4C3
:107C900018AA1B99269A0DF19C0A7CE6059B9DF873
:107CA00067100F93CDE90233CDE90C330793FEF74C
:107CB00084BF0E99059865182D1ACC1AA542A8BF45
:107CC0002546FFF74DBB089B049953F8042B0893F6
:107CD00011804C46FEF7C2BD13F9042B0893D1174F
:107CE0000B46FEF7DBBF039A022122AB01931DABCB
:107CF000009358461BABB0EE4A0B029201F048FAD3
:107D0000472D029A044600F06181462D104405D1AA
:107D10002378302B00F06F821B9A1044B5EE40ABF5
:107D2000F1EE10FA40F0468103461B1B0E93472DDF
:107D300000F01081462D00F0B5811B9B0C930C9B2D
:107D4000412D03F1FF331B9300F0E5819DF82C20BA
:107D50000021002BB8BF0C9B8DF87820BABFC3F16F
:107D600001032D222B22092B8DF8792040F3DA8193
:107D70000DF18F05DFF81CC42A4610468CFB032149
:107D8000DA17C2EBA10202EB8201A3EB4101303111
:107D900000F8011C19466329134600F1FF32ECDCA0
:107DA0003033D9B2831E9D4202F8011C40F28B820F
:107DB00013460DF17A0201E013F8011B02F8011BD2
:107DC0009D42F9D10DF191030DF17A021B1A134472
:107DD0001EAA9B1A14930E9B149A012B1A44059207
:107DE00040F30382059B109A1344059326F48063A5
:107DF000059A43F480780023CDE90C3322EAE2723D
:107E00000F930292099B002B40F0B1809DF8671000
:107E10000393FEF7D2BE2046FEF712FB0246059002
:107E2000FEF720BF1BEE101A24AA584602F03AF8BB
:107E3000FEF7EDBD591C5846FDF790FA04460028A0
:107E400000F0CA810790E0E61BEE101A24AA5846FB
:107E500002F028F800287FF434A9269A0DF19C0A34
:107E6000FFF749BA1BEE101A24AA584602F01AF876
:107E700000287FF426A9DDE925321B990DF19C0A23
:107E800049E606230393FFF783BB039B02215A1C99
:107E90002BE7039A032128E71BA8B0EE4A0B01F059
:107EA0004BF8B4EE007B20EE070BB5EE400BF1EE85
:107EB00010FA01D101231B93B348039BB3EE005B7F
:107EC000013B224604E0B5EE400BF1EE10FA13D070
:107ED00020EE050BFDEEC07BB3F1FF3F17EE901ACD
:107EE000415CB8EEE76B944630EE460B02F8011B9E
:107EF000194603F1FF33E6D1B6EE006BB4EEC60BC4
:107F0000F1EE10FA00F34881B4EE460BF1EE10FAF0
:107F100004D117EE903ADB0700F13E81002906DB21
:107F20004B1C1344302102F8011B9342FBD1131B5D
:107F30000E93FCE60B9C0E9BDDF82490DDF8288068
:107F40001396E3189D42294628BF1946824605919B
:107F5000FFF7D8B91B9B0C93DA1C02DB039A934200
:107F60000CDD0B9B023B0B9323F02005E7E62D2154
:107F700000238DF867100393FEF722BE0C9B0E9A28
:107F80009342C0F2BD80F0070C9B40F13281109A01
:107F900013440593710503D50C9B002B00F3358129
:107FA000059B23EAE373029367230B9300230F934C
:107FB0000D9327E7229B8342BFF4B7AE30215A1CB2
:107FC00022921970229B9842F9D8AEE6F30700F18D
:107FD000A780229BA9E624AA5846059101F062FFDA
:107FE00000287FF46EA896F800C0269A059927A865
:107FF0006544FFF7ECBB1BEE101A24AA584601F0AB
:1080000051FF00287FF45DA8269A0DF19C0AFFF726
:108010006BB978238DF8693030238DF86830039B75
:10802000632B48F0020600F3A6800023079337ACC9
:1080300018EE903A002B48F481782BDBB0EE48AB79
:108040000B9B23F02005002309930B9B612B7FF4EE
:10805000ADAAB0EE4A0B1BA800F06EFFB4EE007B99
:1080600020EE070BB5EE400BF1EE10FA01D1012323
:108070001B93464821E71BEE101A24AA584601F02C
:1080800011FF00287FF41DA81B9B269A0DF19C0A66
:10809000FFF74EB90B9B23F020052D230993B1EE7A
:1080A00048ABD2E71B9A0C92002A06F0010340F37A
:1080B0000D8103990B4340F0CF800C9B0593662301
:1080C0000B93720500F1A380059B23EAE3730293EF
:1080D0006CE71BEE101A24AA584601F0E3FE0028B4
:1080E0007EF4EFAF1B9C0E9B269A1C1B0DF19C0A85
:1080F000FFF736B958238DE700220392FEF7DABB6B
:108100000E9B109A9A180C9B0592002B40F3AB80A3
:1081100067230B93D5E70B9A0F32D2B2012118E6F1
:10812000A018FBE5002940F0A88030228DF87A20C5
:108130000DF17B02303302F8013B1EABD31A1493CE
:1081400049E601331249CAF804502A44072BCDE905
:108150002532CAF800107FF733AC1BEE101A24AAA0
:10816000584601F09FFE00287EF4ABAFDDE92532D2
:108170000DF19C0A26E4591C5846FDF7EFF8044619
:1081800050B3079054E700BF4C060020380600208B
:10819000040A002067666666CDF888C012F8011CE4
:1081A00090F80FC0614513460AD14FF0300E03F826
:1081B00001EC229B591E229113F8011C8C45F6D02C
:1081C000392916BF0131817AC9B203F8011CAEE624
:1081D00000239046079360E71BEE102AB2F90C309B
:1081E00043F040039381FEF716BCF5077FF5FEAD23
:1081F000F8E50593CEE6B5EE40ABF1EE10FA3FF4AC
:108200008BADC2F101021B9287E567230B93139993
:108210000B78FF2B79D000250C9A284603E001301B
:108220000131FF2B08D0934206DAD21A4B78002B8B
:10823000F5D10B780135F4E70C9213910D900F9561
:108240000F9A0D9B16991344059A01FB032305937E
:1082500023EAE3730293D5E5109BD31819446623F0
:1082600005910B932DE7C3F101031A4422EAE2734F
:108270000293672305920B9398E60DF17A0259E772
:10828000039BDDF80890DDF81C800593B4E418EE3C
:10829000903A002BB4BF2D219DF86710254C264B3A
:1082A000B8BF8DF8671028F08008FEF779BC039BF3
:1082B0000293059373239DF8671003900F900D9020
:1082C0000B93FEF77ABC0223149384E5039A1343BD
:1082D00005D10123662202930B92059366E6109B5B
:1082E00001331A4422EAE2730293662305920B9348
:1082F0005CE6089A99F80130894652F8041B089206
:1083000041EAE1710391FEF7D3BA00230F930D9375
:1083100096E70C23CBF800304FF0FF330493FEF7C1
:1083200081BB1BEE102A938943F040039381FEF733
:10833000C8BE00BF34060020A8030020436C70B5FF
:1083400005460C464BB153F8240080B1026843F84F
:1083500024200023C0E9033370BD2122042100F052
:1083600047FE034668640028EDD1002070BD01215E
:1083700001FA04F6721D9200284600F039FE00282A
:10838000F3D0C0E90146E4E731B1436C4A6853F8E1
:108390002200086043F82210704700BF2DE9F04129
:1083A0000E6980460F461D4601F1140E0020DEF8CE
:1083B00000108CB202FB0453090C4FEA134C02FB71
:1083C00001CC01309CB204EB0C4486424EF8044BC5
:1083D0004FEA1C45EBDC3DB1BB68B34207DD07EB60
:1083E000860301365D613E613846BDE8F0817968FB
:1083F00040460131FFF7A2FF0446B0B13A690232AC
:1084000007F10C0192000C30FBF7DCFBD8F844308C
:108410007A6853F82210396043F82270274607EB38
:10842000860301365D613E61DEE7034B0348224669
:10843000BA2100F0BDFD00BF40040020540400201C
:10844000030C1B04D3B90004102310F07F4F04BFAA
:108450000002083310F0704F04BF0001043310F025
:10846000404F04BF80000233002805DB10F0804F2E
:1084700003F1010308BF2023184670470023E4E7F7
:10848000036813F0070208D0D9071FD49A0722D532
:108490005B08036001221046704799B209B91B0CB2
:1084A0001022D9B209B908321B0A190704BF1B09E7
:1084B0000432990704BF9B080232D90703D45B0832
:1084C00002F1010205D003601046704700221046F9
:1084D00070472022DFE79B080222036010467047A6
:1084E00038B5436C04460D464BB15868B0B10268CC
:1084F0005A6000220123C0E90435C26038BD212240
:10850000042100F075FD034660640028EDD1094B9D
:108510000948002240F2451100F04AFD1C220121C9
:10852000204600F065FD0028F1D001220223C0E9B9
:108530000123DEE740040020540400202DE9F04F21
:108540000E691569AE4285B08846144605DB2A4699
:10855000234635460C4616469846A3686168AF190F
:10856000BB42B8BF0131FFF7E9FE0190002800F0DF
:108570008780019B03F1140909EB870AD14505D2D5
:108580004B46002243F8042B9A45FBD808F1140807
:1085900008EB860B04F11403D8451A4603EB850556
:1085A0005FD22B1B153B23F0030304331534A54284
:1085B00038BF0423CDE902A7AC461F46924605E02A
:1085C000090C29D1C34509F1040948D958F8041BFD
:1085D0008DB2002DF4D056464C46002356F8041BAD
:1085E00022681FFA81FE90B2090C05FB0E00120CE6
:1085F000034405FB012202EB13429BB243EA024310
:10860000B44544F8043B4FEA1243E7D849F8073031
:1086100058F8041C090CD5D0D9F8003050461A4639
:108620004C4600260588120C01FB052216449BB21D
:1086300043EA064344F8043B50F8045B22682D0CDF
:1086400093B201FB053303EB164384454FEA13460F
:10865000E8D8C34549F8073009F10409B6D8DDE97F
:1086600002A7002F02DC05E0013F03D05AF8043DC9
:10867000002BF9D0019B18461F6105B0BDE8F08FB3
:10868000034B0448019A4FF4B17100F091FC00BF14
:10869000400400205404002012F003032DE9F041AF
:1086A0001446064632D10D46A41020D0D6F840809C
:1086B000B8F1000F33D0E3074FF0000707D4641080
:1086C00015D0D8F80000A8B18046E307F7D5424698
:1086D00029463046FFF732FFB5B16968736C641004
:1086E00053F821202A6043F821500546E9D1284655
:1086F000BDE8F081424641463046FFF71FFFC8F80B
:10870000000007608046E0E70546D8E7013B0F4AD6
:1087100052F823200023FFF741FE0546C4E701215C
:108720003046FFF70BFE804640B1012340F2712234
:10873000C0E90432002330640360BCE7044B054801
:10874000424640F2451100F033FC00BF2C090020E6
:1087500040040020540400202DE9F0470D46144643
:108760002F69AB68496807EB62177E1C9E42804602
:108770004FEA621904DD5B009E4201F10101FADC5F
:108780004046FFF7DBFD8446002852D0B9F1000FC8
:1087900000F114020EDD09F105014FEA810E1346C6
:1087A00000EB8101002043F8040B8B42FBD1AEF1BA
:1087B00014031A44296905F1140314F01F0E03EB86
:1087C00081012ED0CEF1200910464FF0000A1C681E
:1087D00004FA0EF444EA0A0440F8044B53F8044B3C
:1087E000994224FA09FAF2D84B1B153B23F00303F4
:1087F000043305F11500814238BF0423BAF1000F9C
:1088000018BF374642F803A0D8F844306A68CCF85D
:10881000107053F822102960604643F82250BDE8DA
:10882000F087043A53F8040B42F8040F9942F9D840
:10883000EAE7034B034862464FF4EF7100F0B8FBE0
:1088400040040020540400200B6984460069C01ACB
:1088500016D10CF1140C14310CEB830210B401EBA3
:10886000830301E0944508D252F8044D53F8041DE7
:108870008C42F7D005D24FF0FF305DF8044B7047C3
:10888000704701205DF8044B704700BF2DE9F84F99
:108890000F691369FF1A002F0E4690467FD101F130
:1088A0001405143202EB830205EB830301E09D42C1
:1088B00078D253F8041D52F8044DA142F7D069D381
:1088C0007168FFF73BFD8146002877D03569D8F8FD
:1088D0001020C76008F1140E06F1140009F1140A03
:1088E00006F110010EEB820200EB850756464FF0B1
:1088F000000C5EF8044B51F804BFA3B21CFA8BFCC9
:10890000ACEB03034FEA144CCCEB1B4C0CEB234CAD
:108910009BB243EA0C43724546F8043B4FEA2C4CA9
:10892000E7D8A2EB0801153908F11508424521F0F6
:10893000030404F1040438BF0424204421F003029A
:1089400038BF002287425244544418D92646014673
:1089500051F8043B1CFA83FC4FEA2C4202EB134211
:108960001FFA8CFC4CEA02438F4246F8043B4FEA64
:10897000224CEDD8013F3F1A27F00307E21923B933
:1089800052F8043D013D002BFAD0C9F8105048467A
:10899000BDE8F88F334601274646984690E7F9DB55
:1089A00000278DE70021FFF7C9FC814668B101224D
:1089B0000023C9E904234846BDE8F88F064B074861
:1089C0004A4640F2452100F0F3FA034B03484A4679
:1089D00040F2372100F0ECFA40040020540400205B
:1089E0002DE9F043884683B0012157EC106B154602
:1089F000FFF7A4FC0446002851D0C7F30A59C7F377
:108A00001303B9F1000F01D043F48013002E01933A
:108A100018D101A8FFF734FD019A6261012200F12B
:108A200020032261B9F1000F25D0A9F2334909EBE7
:108A300003022046C3F13503C8F800202B6003B0C1
:108A4000BDE8F08368460096FFF71AFD034610B3B1
:108A5000DDE90002C3F1200102FA01F10143DA402D
:108A600061610192002AA26114BF022201222261E7
:108A7000B9F1000FD9D1A3F23243C8F8003004EBAA
:108A800082031869FFF7DCFCC0EB421320462B6021
:108A900003B0BDE8F083009A6261019AE2E7034BFC
:108AA0000348224640F20F3100F082FA40040020D1
:108AB0005404002070B500294BD006460C4610B176
:108AC000436B002B48D0636ED80734D5B4F90C3013
:108AD000002B3ED02146304600F050F8E36A0546B0
:108AE00033B1E169304698470028B8BF4FF0FF35F1
:108AF000A3891A063CD4216B41B104F14003994289
:108B000002D03046FDF75AFD00232363616C21B18A
:108B10003046FDF753FD00236364FDF757FA636E9B
:108B20000022DB07A2811FD5A06DFDF76DFCFDF7CC
:108B300053FA284670BDA3899905CBD4A06DFDF7E3
:108B400065FCB4F90C30002BC4D1656E15F001053D
:108B500005D00025284670BDFDF71AFAB3E7A06DD1
:108B6000FDF756FC284670BDA06DFDF751FCDBE714
:108B700021693046FDF722FDBDE700BFB1F90C20A9
:108B80002DE9F0410C461107804647D4636842F452
:108B90000062002BA2815EDDA56A002D58D0002363
:108BA000D8F80060C8F8003093B212F4805256D161
:108BB0000123E1694046A847431C67D0A389A56A01
:108BC0005F0705D56368C01A236B0BB1E36BC01A4E
:108BD000E169024600234046A847411C41D1D8F82C
:108BE0000030002B3DD01D2B01D0162B56D1A38970
:108BF0002269226023F4006300216160A381216B5C
:108C0000C8F8006021B304F14003994202D0404605
:108C1000FDF7D4FC00202063BDE8F0812669BEB1D9
:108C200093B2256826609A070CBF63690023AD1BC9
:108C3000A3600BE02B463246E169676A4046B847BD
:108C4000B0F1000CA5EB0C05664417DD002DF1DC3E
:108C50000020BDE8F081E36B002B9DDCF8E7206D80
:108C6000AEE7B4F90C302269226023F40063A381DB
:108C70000022DB046260C2D52065C0E7A38943F00F
:108C800040034FF0FF30A381BDE8F081D8F80030F9
:108C9000002B93D01D2B06D0162B04D0A38943F0B4
:108CA0004003A381D5E7C8F80060D1E738B50C468A
:108CB000054608B1436B03B3B4F90C0088B1636E89
:108CC000DB0701D481050FD528462146FFF756FF63
:108CD000636EDA07054602D4A3899B0508D52846AA
:108CE00038BD0546284638BDA06DFDF78FFBEBE784
:108CF000A06DFDF78DFB284638BDFDF749F9DBE790
:108D000010B50C46B1F90E1000F07AF8002803DB1C
:108D1000236D0344236510BDA38923F48053A381ED
:108D200010BD00BF2DE9F0410C46B1F90C101F46F3
:108D3000CB05054616460BD421F48051A1813B4654
:108D4000B4F90E1032462846BDE8F041FDF7BCBA32
:108D5000B4F90E100223002200F03CF8B4F90C1014
:108D6000EAE700BF10B50C46B1F90E1000F032F87A
:108D7000A389421C0EBF23F4805343F48053206523
:108D8000A38110BDB1F90E1000F012B849B1FF2A4D
:108D900002D80A70012070478A2303604FF0FF3029
:108DA00070470846704700BF00487047680C0020B5
:108DB00038B5074D0022044608462A60FBF7ACF898
:108DC000431C00D038BD2B68002BFBD0236038BD7E
:108DD000181E002038B50C46084D84461146204622
:108DE0001A4600232B606446FBF7A2F8431C00D010
:108DF00038BD2B68002BFBD0236038BD181E002027
:108E000038B50C46084D8446114620461A460023C4
:108E10002B606446FBF77EF8431C00D038BD2B68FE
:108E2000002BFBD0236038BD181E0020000000007E
:108E300001F0FF01102A2BDB10F0070F08D010F80B
:108E4000013B013A8B422DD010F0070F42B3F6D10F
:108E5000F0B441EA012141EA014122F007047FF028
:108E600000070023F0E80256083C85EA010586EA7F
:108E7000010685FA47F5A3FA87F586FA47F6A5FABB
:108E800087F68EB9EED1F0BC01F0FF0102F00702C7
:108E900032B110F8013B013A83EA010313B1F8D172
:108EA0000020704701387047002D06BF3546033853
:108EB000073815F0010F07D1013015F4807F02BF8C
:108EC000013015F4C03F0130F0BC0138704700BFDD
:108ED00070B5054684B05BB11C4669B10E4B28469F
:108EE000D3F8E0602346B047431C0FD004B070BDF8
:108EF00000F582740029F1D1074A2346D2F8E060D8
:108F000028460A4601A9B047431CEFD100228A2314
:108F100022602B6004B070BD780B002010B582B0C9
:108F2000049CCDE900344FF0FF3302F06BFB02B03C
:108F300010BD00BF0000000030B482B08DED000B0A
:108F4000019A194C22F000430021A342016021DC68
:108F5000009C1C431ED0154C144054B99FED107B4F
:108F600020EE077B8DED007B019A6FF0350122F03A
:108F7000004322F0FF42DDE9004522F4E00242F026
:108F80007F551B1545F40015A3F2FE33CDE90045CE
:108F90000B4403609DED000B02B030BC704700BF76
:108FA0000000000000005043FFFFEF7F0000F07F53
:108FB00000B50B4C25681446EE681A4685B003468A
:108FC0000D464CB107490095CDE9011430460649DC
:108FD00000F054FFFAF7B0FF04490C46F3E700BF76
:108FE0000011002000040020100400200C040020C8
:108FF00038B5A1FB02148CBBFCF7B0F90546E0B113
:1090000050F8042C22F00302043A242A17D8132A19
:109010001AD91B2AC0E900441DD9242A14BF00F123
:10902000100200F118024FF00003C0E9024404BF2F
:1090300004614461C2E900339360284638BD21468B
:10904000FDF770F8284638BD02460023C2E9003318
:109050009360284638BD00F10802F6E7FDF74AF9AB
:109060000C2300250360E8E72DE9F04F03690C6944
:10907000A34283B0C0F28780013C01F11405A30034
:1090800000F11408009355F8243058F824200133D7
:1090900081469A4208EB840005EB84070190B2FBFD
:1090A000F3F63BD34FF0000CAE464046E246634633
:1090B0005EF804BB02681FFA8BFC06FB0C334FEA18
:1090C000134C4FEA1B4B06FB0BCC9BB2AAEB0303E2
:1090D0001FFA8CFA13FA82F3CAEB124202EB234214
:1090E0009BB243EA0243774540F8043B4FEA224AE9
:1090F0004FEA1C43DCD2009B58F8033073B9019B44
:10910000043B984504D307E0984504F1FF3403D2AB
:1091100053F80429002AF7D0C9F810404846FFF751
:1091200093FB00282BDB01364146002355F8040B46
:10913000D1F800C082B29A1A030C12FA8CF2C3EB77
:109140001C4303EB224392B242EA0342AF4241F88E
:10915000042B4FEA2343E9D258F8242008EB840378
:109160006AB9043B984504D307E0984504F1FF34FD
:1091700003D253F80429002AF7D0C9F8104030462A
:1091800003B0BDE8F08F002003B0BDE8F08F00BF52
:109190002DE9F04F2DED028B8FB08DED020B01917B
:1091A000816B1A9D059357EC106B0446934641B1B1
:1091B000C26B4A60012393408B60FFF7E5F8002300
:1091C000A363B7F10008B4BF012300232B60BE4B9B
:1091D000BCBF28F00048CDF80C8033EA080300F04B
:1091E0009F809DED028BB5EE408BF1EE10FA11D110
:1091F000059A012313601B9B002B00F03F82B34BA9
:109200001B9A1360013B009300980FB0BDEC028BDA
:10921000BDE8F08F0CAA0DA92046B0EE480BFFF771
:10922000DFFB5FEA1853054640F09280DDE90C133E
:109230000B4403F23242202A40F3FA82C2F1400288
:1092400008FA02F803F21242D64048EA060207EE94
:10925000102AB8EE477B581E17EE906A53EC172B76
:109260004FF0010AA6F1F8739FED913B9FED927BC1
:109270009FED935B06EE900A43EC122BB8EEE64BA3
:10928000B7EE086B32EE466BA6EE037BA4EE057BD1
:10929000FDEEC76BB5EEC07BF1EE10FA16EE907ADC
:1092A00008D5B8EEE66BB4EE476BF1EE10FA18BFD6
:1092B00007F1FF37162F00F24581854B03EBC703FB
:1092C00093ED007BB4EEC78BF1EE10FA57D5091A77
:1092D0000023B1F1010807F1FF370A9300F139814A
:1092E00000230693002F52DA069B0497DB1B06939C
:1092F0007B420893019B092B4FF000074ED8052BAA
:1093000040F39D82043B01930026019B9A1E032A91
:1093100000F22581DFE812F0AA03A7039D037E0374
:10932000059AC8F3130842F20F7358EA060813604F
:109330001ED11B9B002B00F09185664B00930833D8
:109340001B9A009813600FB0BDEC028BBDE8F08F44
:1093500018EE906AC6F31306A3F2FF3053EC182BF5
:1093600046F07F530C994FF0000A43F440137BE71B
:109370001B9B002B40F03B83574B009344E7091A9B
:109380000023B1F101080A9300F1E3800693002362
:109390000893019B0497092BB844B0D900230126F8
:1093A000019307964FF0FF399B460021E163CDF80A
:1093B0002C902046FEF7C2FF0090002800F0408568
:1093C000009BA363B9F10E0F00F2DC80002E00F0C9
:1093D000D980049B002B40F3DE833D4A03F00F014C
:1093E00002EBC10292ED007B1A11DB0540F1828392
:1093F0003A4991ED086B02F00F02032088EE065BFC
:109400005AB13649D60704D591ED006B013027EEED
:10941000067B521001F10801F4D185EE076B0A9B1F
:109420003BB1B7EE007BB4EEC76BF1EE10FA00F182
:10943000AE8407EE900AB8EEE75BB1EE0C7BA5EECA
:10944000067B17EE902A51EC170BA2F15071B9F17F
:10945000000F00F08883049E4A46079B002B00F013
:109460004784B6EE003B1A4BFDEEC64B03EBC20C35
:10947000B8EEE47B36EE477B1CED026B83EE065BB9
:1094800041EC160B14EE900A35EE465B0099B4EEF3
:10949000C75B3030F1EE10FA01F8010B00F3AC8439
:1094A000B7EE002BB2EE044B4FF0000C31E000BFE2
:1094B00061436F63A787D23FB3C8608B288AC63FDA
:1094C000FB799F501344D33F0000F07F69060020D2
:1094D000A8020020BC050020C80500208002002052
:1094E0000CF1010C94454DDA27EE047B25EE045B6C
:1094F000FDEEC76B16EE903AB8EEE63B303337EE32
:10950000437BB4EEC57BF1EE10FA01F8013B00F1AC
:10951000738432EE476BB4EEC56BF1EE10FADFD513
:10952000009A049602E08A4200F05084894611F8BD
:10953000013D392BF7D00133DBB20B70049B0133B3
:10954000049355E1091A0123B1F101080A937FF54B
:10955000C7AEC1F1010306934FF00008C2E6002632
:10956000E66331462046FEF7E9FE0090002800F051
:109570006784009BA3634FF0FF330B93994601234D
:10958000B34607930D9A002A55DB04990E2952DC45
:10959000B74BBBF1000F03EBC10393ED006B15DA82
:1095A000B9F1000F12DC40F0F282B1EE047B26EE3E
:1095B000077BB4EEC78BF1EE10FACA464E4600F2B6
:1095C0006D82DDF800806FEA0B0B70E288EE067B9F
:1095D000BDEEC77B009917EE103AB9F1010F03F108
:1095E0003003B8EEC75B01F8013BA5EE468B00F0F7
:1095F0003483B2EE044B012311E088EE067BBDEE0E
:10960000C77B013317EE102A4B4502F13002B8EE4A
:10961000C75B01F8012BA5EE468B00F01E8328EEF8
:10962000048BB5EE408BF1EE10FAE6D1049B0133CA
:1096300004938946DCE0079B43B3019B012B40F375
:109640007682089B09F1FF3A534580F23F82089BDE
:10965000CDF820A0AAEB030217444FF0000AB9F19D
:10966000000FC0F22583069B09934B44C844069320
:1096700001212046FEF734FF06460CE07D4B0093A7
:1096800000980FB0BDEC028BBDE8F08F069BDDF8B3
:1096900020A0079E0993099B6BB1B8F1000F0ADD6A
:1096A000434506991A46A8BF4246891A9B1A069155
:1096B0000993A8EB0208089B63B1079B002B00F0FD
:1096C000A782BAF1000F00F30482089BB3EB0A02F1
:1096D00040F0FF8201212046FEF702FF002F824664
:1096E00000F3AF80019B012B40F387810023089397
:1096F0000120002F40F0B180404410F01F0000F026
:109700007A81C0F12002042A00F3888040F0F681BB
:10971000069B002B05DD29461A462046FFF71CF85C
:109720000546B8F1000F05DD514642462046FFF7D9
:1097300013F882460A9B002B40F03F81B9F1000FDD
:1097400040F32581079B002B40F0A380049B01334D
:109750000493DDF80080012707E0294600230A2250
:109760002046FEF71BFE0137054651462846FFF707
:109770007BFCB94500F1300008F8010BEDDCB9F1D4
:10978000000F009ACCBFCB464FF0010B0346934429
:1097900000272946012220460193FEF7DDFF5146AE
:1097A0000546FFF751F8002840F3AF811BF8013C54
:1097B000009A0BF1FF3B04E05A4500F0B1811BF821
:1097C000013D392B0BF10109F6D001338BF8003044
:1097D00051462046FEF7D8FD56B12FB1B74203D00F
:1097E00039462046FEF7D0FD31462046FEF7CCFD37
:1097F00029462046FEF7C8FD002389F80030DDE940
:1098000004231A601B9B002B3FF4FEAC0098C3F8A6
:1098100000900FB0BDEC028BBDE8F08FC0F11C00D2
:10982000069B03440693099B0344099380446FE716
:10983000C2F1200206FA02F207EE102A09E501261B
:1098400063E501463A462046FEF726FF019B012BC1
:10985000824640F3C58100230893DAF810200AEB12
:1098600082021069FEF7ECFDC0F1200044E700BF62
:10987000A802002068060020314600230A22204664
:10988000FEF78CFD0B9B002B064640F3CE8204971F
:109890009946099B002B05DD31461A462046FEF706
:1098A0005BFF0646089B002B40F0EB81B046029B15
:1098B000009F03F001027B1E4B440893019B0A9218
:1098C0001343099351462846FFF7CEFB31468346A2
:1098D0002846FEF7B9FF4246514681462046FEF72C
:1098E000D5FFC26801460BF13003002A42D1CDE911
:1098F00006032846FEF7A8FF069902902046FEF7C9
:1099000043FD029A079B1AB90999002900F07E824B
:10991000B9F1000FC0F28381019949EA01090A995E
:1099200051EA090900F07B81002A00F3C681089AF8
:109930003B7007F101099742CB4600F0C4812946EC
:1099400000230A222046FEF729FD464505463146FA
:109950004FF000034FF00A02204612D0FEF71EFD22
:109960004146064600230A222046FEF717FD4F46D1
:109970008046A7E720460293FEF706FD029B0122E0
:10998000C6E7FEF70BFD4F46064680469AE7019B69
:10999000022B71DC079B002B7FF47BAF049B5146AD
:1099A000013328460493FFF75FFBDDF800B000F1B8
:1099B00030030BF8013B0027EBE651462846FEF743
:1099C00043FF0028BFF6BAAE294600230A222046EC
:1099D000FEF7E4FC049B5F1E079B0546002B7FF40B
:1099E0004BAF0B9B002B40F318829946B1E6BC4B62
:1099F00000930333A4E41C2012E7DDE902010028F0
:109A00007FF474AEC1F31302002A00F0F480029BCD
:109A100008936DE601230793049B5B4403F101095E
:109A2000B9F1010FCC460B93B8BF4FF0010C0021E8
:109A3000BCF1170FE1637FF7BCAC01200422520098
:109A400002F114036345014600F10100F7D9E16317
:109A5000AFE401230793BBF1000F52DDCDF82CB02A
:109A6000D946DC46E3E700230793D5E700230793B5
:109A7000F1E7DDF82C900497B9F1000F7FF4A1AD68
:109A800051464B4605222046FEF788FC0146824699
:109A90002846FEF7D9FE00287FF793AD049B03F11B
:109AA000010B009B3122984603F8012B009351468D
:109AB0002046FEF769FC0BF10103DDF800900493EA
:109AC000CDF80080002E7FF48FAE91E6A3EB0A0A5A
:109AD000C5E5314652462046FEF7DEFD2A460146E0
:109AE00006462046FEF72AFD294605462046FEF793
:109AF0004BFCEAE50220B0EE485B81E4C0F13C009B
:109B00008EE64FF0010BD9464FE403D1019BDB07F2
:109B10003FF54CAED9461BF8013D302BFAD057E645
:109B2000049B009A013304933123137050E6BAF179
:109B3000000F00F0238102F23342069B0993134485
:109B4000DDF820A00693904492E507EE900AB1EE6E
:109B50000C5BB8EEE77BA6EE075B15EE902A51ECA6
:109B6000150BA2F1507141EC150BB1EE047B36EEF2
:109B7000477BB4EEC57BF1EE10FA00F33781B1EE0E
:109B8000455BB4EEC57BF1EE10FA7FF5FBAC4FF010
:109B9000000A564615E500F0F580049B51495A42EB
:109BA00002F00F0001EBC00191ED006B121128EEE5
:109BB000066B00F04281B0EE467B4B490026022046
:109BC000D30705D591ED005B0130012627EE057B1B
:109BD000521001F10801F3D1002E06FE076B1EE4BE
:109BE000029B002B7FF437AEDDE90201C1F31302C3
:109BF000002A40F037813D4A0A40002A00F0FA80EE
:109C0000069B01330693012308F1010808936FE5D1
:109C10002946089A2046FEF73FFD05465AE5002AE8
:109C200012DD2946012220460193FEF795FD51469B
:109C30000546FEF709FE0028019B40F3E180392B21
:109C400000F0CA800BF13103B94609F8013B049BCF
:109C50000133374604934646BAE538EE088BB4EE36
:109C6000C68BF1EE10FA0ADCB4EE468BF1EE10FA78
:109C70007FF4DCAC17EE103AD8077FF5D7AC009A2A
:109C800054E471682046FEF759FB0746002800F0AF
:109C9000DE80336902339A0006F10C010C30F9F7CB
:109CA00091FF394601222046FEF756FD8046FEE52B
:109CB000069BA3EB09030993DAE4392B00F08C80AF
:109CC000B9460133C1E7049A013237460492464649
:109CD0005FE529462046FEF7DFFC0546FAE400BFB3
:109CE000C8050020A8020020800200200000F07FAC
:109CF0005E4BFDEEC65B03EBC20C1CED023BB8EE07
:109D0000E57B36EE477B41EC160B15EE901A23EE01
:109D1000063B00983031012A00F8011B00F08380D7
:109D2000B2EE044B009B991827EE047BFDEEC76B47
:109D300016EE903A303300F8013B8142B8EEE65B14
:109D400037EE457BF0D1B6EE006B33EE065BB4EE3A
:109D5000C75BF1EE10FA3FF5E3AB36EE436BB4EEC2
:109D6000C76BF1EE10FA7FF70DAC8946013919F88F
:109D7000013C302BF9D0731C049339E50C9AC2F1E5
:109D80003602DAE60220B0EE486BFFF748BBB9F1C5
:109D9000000F3FF4DAAE0B9A002A7FF7F3ABB2EE76
:109DA000044B26EE046B013007EE900A049BB8EEDC
:109DB000E75BB1EE0C7BA6EE057B17EE90CA51EC8B
:109DC000170B5E1EACF15071FFF747BB049B0133CC
:109DD00004933123FFF7B1BB049BBB4601330493CB
:109DE000392337460BF8013B4646E1E44FF0000AC1
:109DF000564653E608927BE4731C04938946F7E4C5
:109E00007FF422AFDA077FF51FAF18E7392BE3D0D5
:109E1000B9F1000F3FF716AF16E7019B022B3FF792
:109E200028AE0497BAE501468DE7019B022B3FF768
:109E300020AEDDF82C9004972BE50220FFF7EFBA57
:109E40000B4B0C48002240F2AF11FFF7B1F8084B62
:109E500008483A4640F2EF21FFF7AAF8064B009374
:109E6000FFF7D2B9029B0893F7E400BFA8020020D5
:109E700040040020CC050020BC0500200EB410B525
:109E800083B005AB064C53F8042B019301462068C0
:109E900000F0C4F803B0BDE8104003B0704700BF45
:109EA000001100202DE9F04F9368176883B09246A7
:109EB000002B70D081468A6808680C46083743E05A
:109EC000A38913F4906F2ED0D4E90416A0EB0108F7
:109ED00006EB460606EBD67608F10100761028441C
:109EE000B042324684BF064632465B0537D511463E
:109EF0004846FBF733FA019000283AD042462169E0
:109F0000F9F760FEA289019B22F4906242F0800280
:109F1000A281A6EB080203EB08006661A260236140
:109F200020602E46A84642465946FCF77FF8DAF8EC
:109F30000830A2682068921B40445B1BA26020602E
:109F4000CAF808303BB3083757E902B5002DFAD0FC
:109F5000AA4216469046B3D92E46A846E3E748469D
:109F6000FBF7C4FC03460028D3D121694846FCF71F
:109F700025FBA3890C2243F04003C9F800204FF0D1
:109F8000FF30A38100220023CAF80820CAF8043059
:109F900003B0BDE8F08F00200023CAF8043003B0FE
:109FA000BDE8F08F2DE9F84F4B6E9C0490462DD5FF
:109FB0009368126843B38B46064602F1080959E9D3
:109FC000025A5FEA9A0715D0043D002401E0A74237
:109FD0000ED055F8041F5A46304601F05BFA431C78
:109FE00004F10104F3D10023C8E90133BDE8F88F7F
:109FF000D8F808302AF0030AA3EB0A03C8F808309F
:10A0000009F10809002BDAD10020ECE701F00CF887
:10A010000023C8E90133BDE8F88F00BF2DE9F04FF8
:10A020002DED028BC5B00DF1500A834608EE101AD3
:10A0300016460021082250461C460793FCF772F88A
:10A04000BBF1000F04D0DBF83430002B00F0A08609
:10A0500018EE102A536EDB0740F11385B2F90C108D
:10A060008AB295040BD418EE103A41F4005199814C
:10A070005B6E8AB218EE101A23F400534B66100779
:10A0800040F1058118EE103A1B69002B00F0FF80AB
:10A0900002F01A030A2B00F00A810023CDE91933DC
:10A0A000CDE90D331BAA0C93189291460B9305939F
:10A0B000B0464446A84BD3F8E450FCF7EDF82246EE
:10A0C000034612A9CDF800A05846A847002800F082
:10A0D0004581C0F23981129A252A034601D01C44D9
:10A0E000E8E7B4EB0806054640F03C8100236178C0
:10A0F0008DF8433004F1010806934FF0FF371E46F8
:10A100002B2408F10108A1F120035A2B00F27881D9
:10A11000DFE813F0B50276017601B0027601760130
:10A1200076016A00760176017D028D027601880251
:10A130009702760192025B005B005B005B005B00B4
:10A140005B005B005B005B007601760176017601C7
:10A15000760176017601760176015C028400760153
:10A160007601760176017601760176017601760137
:10A170007601E80076017601760133027601DA0293
:10A18000760176018B0576017601760176017601FE
:10A19000760176017601760176015C028600760111
:10A1A00076017601CD0286007F007601C00276013D
:10A1B000FD02EA00ED027F00760133027C006905B2
:10A1C000760176016B0576017C00A1F13003002257
:10A1D00018F8011B02EB820203EB4202A1F13003EB
:10A1E000092BF5D906928EE75846FEF7DDFD436848
:10A1F0000D931846FCF724F90E9005465846FEF7D5
:10A20000D3FD83680B93002D40F0D68498F800109E
:10A2100077E798F8001046F0200672E746F010063F
:10A22000B40640F18E81079B073323F007031A46DB
:10A23000596852F8083B07920A460029C0F2708418
:10A24000791C00F0A28526F08001039153EA0201F7
:10A2500000F03F840A2B72F1000180F04185303319
:10A260008DF80F31039E012304930DF20F14049B0C
:10A27000BB42B8BF3B460393002308939DF843308D
:10A28000002B00F0CB80039B01330393C6E018EE54
:10A29000101A584618EE105A01F040F8002840F005
:10A2A0005286AA8902F01A030A2B7FF4F6AE18EE42
:10A2B000101AB1F90E30002BFFF6EFAE4B6EDB0734
:10A2C00002D4970540F1128618EE101A2346324642
:10A2D000584600F069FE0590059845B0BDEC028B2C
:10A2E000BDE8F08F46F0100616F0200200F036812F
:10A2F000079B073323F0070319465A6851F8083BB8
:10A30000079126F480610391002100208DF843001D
:10A31000781C00F01082039820F0800653EA0200B7
:10A3200040F00882002F40F03885002940F0D583A6
:10A33000039B13F00103049300F0118430238DF884
:10A340000F310DF20F1492E7082200215046FBF75F
:10A35000E9FE01231C44ADE6780B0020B4EB0806AF
:10A3600005461BD0199B1A9A01333244072BC9E9C1
:10A3700000861A9219931CDD002A00F0A68318EEBD
:10A38000101A18AA5846FFF70DFE20BB0DF16C09F4
:10A39000059B33440593002D7FF4A8AE1A9B002B38
:10A3A00040F0C18518EE103A0022B3F90C30199232
:10A3B00015E009F10809EBE718EE101A18AA58463B
:10A3C000FFF7F0FD002800F0A680089B1BB108995C
:10A3D0005846FCF7F3F818EE103AB3F90C3018EEC3
:10A3E000102A526E12F0010F9AB200F0A0805006AF
:10A3F00000F1B285059845B0BDEC028BBDE8F08F49
:10A400000029CBD000238DF843300123CDE903335D
:10A410008DF8AC102BAC002308931F4616F00203F6
:10A42000099302D0039B0233039316F084030A932B
:10A4300005D1069B039A9D1A002D00F37B82DDE96E
:10A440001903411C9DF8432082B101220133C9F850
:10A45000042007290DF14302CDE91913C9F80020A2
:10A4600000F34A82084609F108090131099AE2B16C
:10A4700011AA0233C9F8002007294FF00202CDE9E2
:10A480001913C9F8042040F35082002B00F04383D5
:10A4900018EE101A18AA5846FFF784FD002894D128
:10A4A000DDE919030DF16C09411C0A9A802A00F0BC
:10A4B0008481049ABD1A002D00F3D781049AC9F84B
:10A4C000004013440729CDE91913C9F8042040F3CB
:10A4D0006E81002B00F0758218EE101A18AA5846EB
:10A4E000FFF760FD00287FF470AF1A9B0DF16C0937
:10A4F000750705D5069A0399541A002C00F36B8250
:10A50000DDE9052103988142ACBF5218121805926B
:10A51000002B7FF451AF089900231993002900F014
:10A5200049815846FCF74AF80DF16C09C1E59C05D4
:10A530003FF55DAF18EE104AA06DFBF769FFA289E9
:10A5400055E7F006079A00F11F83710640F1198361
:10A5500032F9043B0792DA1711466EE616F0100343
:10A56000079940F0098316F0400000F001831A4675
:10A5700051F8043B07919BB2C3E6079B1A460023A0
:10A580008DF84330134653F8044B0393002C00F02E
:10A590001284532900F0658316F0100540F06183A2
:10A5A0007B1C00F0B3843A4629462046FEF740FC67
:10A5B0000890002800F09F84031B039A049323EA69
:10A5C000E3732F4607920393089557E6432902D079
:10A5D000F50640F12D83079D0822002116A82BAC1B
:10A5E000FBF7A0FD16AB55F8042B21465846FEF7A5
:10A5F0006FFC03460133049000F0B384049B07957D
:10A6000023EAE373039300238DF8433003E7079BAA
:10A6100053F8042B0692002A80F29C82069A52423A
:10A62000CDE9062398F8001046F0040669E598F88D
:10A6300000108DF8434064E598F8001046F080065D
:10A640005FE5424612F8011B2A2900F09684A1F129
:10A650003003092B90464FF000073FF654AD18F831
:10A66000011B07EB870703EB4707A1F13003092B19
:10A67000F5D948E598F8001046F0010641E59DF847
:10A680004330002B7FF4C2AD202398F800108DF8E2
:10A69000433036E598F800106C2903BF98F8011094
:10A6A00046F0200608F1010846F0100629E598F862
:10A6B0000010682903BF98F8011046F4007608F1ED
:10A6C000010846F040061CE546F010030393039B87
:10A6D00013F0200200F00682079B073323F00703E4
:10A6E00019465A6851F8083B079101210DE6079A6F
:10A6F00046F00203039352F8043B079247F63002F8
:10A70000ADF84420B84A0C9202210022FDE5B706BC
:10A7100000F14882F50600F14683740600F1D58306
:10A72000B00540F14083079B059953F8042B07932C
:10A730001170BEE4039601293FF48CAD022944ACAC
:10A7400011D10C9803F00F011B09415C04F8011DA5
:10A7500043EA0273120953EA0201F3D1039E44ABA8
:10A760001B1B049383E503F00701DB0843EA4273F4
:10A77000D208303153EA0205204604F8011DF2D117
:10A78000039EF307EBD53029E8D03023023804F8D4
:10A79000013C44AB1B1A039E0493044667E5049BEB
:10A7A0001B9401221C931A9319920DF16C0909F163
:10A7B00008099DE60DF16C097BE4069A039D551B83
:10A7C000002D7FF776AE102D40F3BB83099418EE71
:10A7D000104A07E000F1020C09F108091046103D8B
:10A7E000102D1EDD8149C9F80010421C10331021C4
:10A7F000072ACDE91923C9F80410EBDD18AA002BAC
:10A8000074D0214658460DF16C09FFF7CBFB0028A8
:10A810007FF4DBADDDE91903103D102D00F1010CD3
:10A82000E0DC099C714AC9F804502B44BCF1070FC5
:10A83000CDE919C3C9F8002040F39481002B00F042
:10A840001F8318EE101A18AA5846FFF7ABFB002812
:10A850007FF4BBAD049ADDE91903BD1A002D00F1A8
:10A8600001010DF16C097FF729AE102D29DD099446
:10A87000102718EE104A07E000F1020C09F1080950
:10A880001046103D102D1ADD421C58491033072A7E
:10A89000C9E90017CDE91923EEDD18AA03B3214653
:10A8A00058460DF16C09FFF77DFB00287FF48DAD54
:10A8B000DDE91903103D102D00F1010CE4DC099CC9
:10A8C00061464A4AC9F804502B440729CDE91913B7
:10A8D000C9F8002000F3E78009F108090131EDE52E
:10A8E0004FF0010C18460DF16C09CAE74FF0010C4E
:10A8F00018460DF16C0972E7002B00F0048118EE88
:10A90000101A18AA5846FFF74DFB00287FF45DADDA
:10A91000DDE919030DF16C09411CA7E5022311AA19
:10A920001C931B9201210DF16C09084609F10809DD
:10A93000411CBAE5102D40F3E582DDE919130F94AF
:10A94000084618EE104A07E000F1020C09F1080968
:10A950001046103D102D1DDD2549C9F80010421C80
:10A9600010331021072ACDE91923C9F80410EBDDB3
:10A9700018AA03B3214658460DF16C09FFF712FBE4
:10A9800000287FF422ADDDE91903103D102D00F100
:10A99000010CE1DC0F9C6046154AC9F804502B44B9
:10A9A0000728CDE91903C9F8002000F3C18009F197
:10A9B0000809411C46E518464FF0010C0DF16C09E1
:10A9C000C7E77607199353D5069A0399541A002CB2
:10A9D0004EDD0DF16C09102C40F3B082199918EE80
:10A9E000106A10250DE000BF38060020140A002070
:10A9F0007C060020881C09F108091146103C102C27
:10AA00001ADD4A1CB3481033072AC9E90005CDE90D
:10AA10001923EFDD18AA33B331465846FFF7C2FABF
:10AA200000287FF4D2ACDDE91913103C102C01F1A1
:10AA300001000DF16C09E4DCA64AC9F80440234486
:10AA40000728CDE91903C9F800207FF759AD7BB17C
:10AA500018EE101A18AA5846FFF7A4FA00287FF437
:10AA6000B4AC1A9B4CE5012019460DF16C09C5E701
:10AA7000DDE9053203998A42ACBF9B185B18059348
:10AA800049E5B2F90C108F0518EE103A8AB23FF57D
:10AA9000E8AA18EE105A986DFBF7B8FCB5F90C103F
:10AAA0008AB2FFF7DEBA002B3FF479AE18EE101A27
:10AAB00018AA5846FFF776FA00287FF486AC199951
:10AAC0001A9B01310DF16C09F8E419920DF16C0932
:10AAD0005EE4002F7FF4C3AB039E0027049744ACD1
:10AAE000FFF7C5BB039B13F0100354D1039A12F078
:10AAF000400000F06B8107991A4651F8043B07911A
:10AB00009BB2012101E4099A002A64D1184601216F
:10AB10000DF16C09C9E4012118460DF16C09C4E47A
:10AB20005B4262EB420203962D200121FFF7EEBB50
:10AB3000002B00F0888018EE101A18AA5846FFF76C
:10AB400031FA00287FF441ACDDE919030DF16C09FD
:10AB5000411C77E498F800100793FFF7D2BA44AC91
:10AB6000FFF785BB09F108090CF101016046A0E47B
:10AB700016F4007240F0978151F8043B0791FFF7FB
:10AB8000C0BBB30500F1888152F8043B0792DA1785
:10AB90001146FFF752BB079951F8043B0791012179
:10ABA000FFF7B3BB079B059853F8041B0793C21725
:10ABB000C1E90002FFF77DBA0B9B002B3FF426ABE7
:10ABC0000B9B1B78002B3FF421AB98F8001046F448
:10ABD0008066FFF796BA022311AA1C931B920120EC
:10ABE0000DF16C09A2E6039671E53B4B0C9316F050
:10ABF000200259D0079B073323F0070318465A68F1
:10AC000050F8083B0790F40709D553EA020006D034
:10AC10008DF84510302146F002068DF8441026F4D8
:10AC2000806103910221FFF770BB2C4B0C93DEE790
:10AC3000079B012153F8042B03918DF8AC20079357
:10AC400004912BACDFE49DF84320002A40F03281D0
:10AC5000099A002A7FF462AE184601210DF16C09B1
:10AC600027E40021082216A81394FBF75BFA791C4D
:10AC700000F0BC80002507942C460CE02BA9584618
:10AC8000FEF726F9421C204400F06B81B84208DC34
:10AC900000F070810446139A525916AB0435002A0D
:10ACA000ECD10494079CAFE016F0100307980CD188
:10ACB00016F0400405D01A4650F8043B07909BB2AA
:10ACC000A1E716F4007240F0E18050F8043B0790D1
:10ACD00099E700BF7C060020380600204C060020C3
:10ACE0000399049744AC9E4608EE90BA01F480663E
:10ACF0004FF0000C234606E0BEF10A0F72F100028D
:10AD000039D3A6462A46A6491EEB020040F10000B0
:10AD10000F46A1FB001424F0030101EB9401401A3B
:10AD2000BEEB00014FF0CC3562F1000405FB01F5EC
:10AD300007FB0455A1FB07410D44052704F0010161
:10AD4000A1FB071B09186408303103F8011C44EA11
:10AD5000C5740CF1010C013B6D08002ECCD00B9991
:10AD600009786145C8D1BCF1FF0FC5D0BEF10A0F0B
:10AD700072F100026CD21C4644AB1B1B049F039E65
:10AD8000049318EE90BAFFF772BA0396FFF762BA0F
:10AD90005846FBF7FDF8FFF75BB9012903967FF4EE
:10ADA000CDACFFF75CBA079B059953F8042B1160F3
:10ADB0000793FFF77EB9062F3B46039A794C07921B
:10ADC00028BF062304930393FFF725BB039B079932
:10ADD00013F4007214BF51F8043B51F8043B07917F
:10ADE0001CBF0246DBB20121FFF78FBA16AB0093FE
:10ADF0000023194613AA5846FEF790F8034601337C
:10AE0000049000F0AE801394049B002B30D0632B91
:10AE100063DC002308932BAC0822002116A8FBF763
:10AE200081F9049D16AB009313AA2B462146584680
:10AE3000FEF774F8854240F0AB80039B049A0793B9
:10AE40000023A3541F4622EAE2730393FFF716BAC6
:10AE50000E9A0D999B1A18460893FBF7B5F90B99B2
:10AE6000089B4A780AB101310B914FF0000C48E77A
:10AE7000039B0793049B03931F460893FFF7FEB9B8
:10AE8000012118460DF16C09FFF713BB50F8043B84
:10AE900007902246DBB2B6E612F9043B0792DA17B6
:10AEA0001146FFF7CAB951F8043B07910246DBB2DD
:10AEB000FFF727BA01231C9301210DF143031B93D4
:10AEC0000DF16C090B46FFF7CDBA079B059953F8B6
:10AED000042B07931180FFF7ECB8591C5846FAF77A
:10AEE0003DFA044600283CD0089095E7886DFBF7B2
:10AEF0008FFAFFF7E9B9039B0793CDE90377089F22
:10AF0000FFF7BCB919981A9B013045E5039B0793DD
:10AF10002046FBF795FA20EAE0732F46049003934E
:10AF20000895FFF7ABB918EE101A18AA5846FFF7A4
:10AF300039F800283FF436AAFFF74DBA19980130C6
:10AF40007AE58C466EE46B6ED90705D4AB899A0519
:10AF500002D4A86DFBF75CFA4FF0FF330593FFF7BF
:10AF600049BA18EE102AB2F90C3043F0400393812D
:10AF7000FFF735BA079C049746E7079B98F801103E
:10AF800053F8047B0793904647EAE777FFF7B9B891
:10AF900018EE102A938943F040039381FFF715BA06
:10AFA000CDCCCCCC6006002070B50C468989ADF5BF
:10AFB0008E6D21F00201ADF81410616E1B91E189D4
:10AFC000ADF81610E1690991616A0B911CA9029113
:10AFD00006914FF4806106460491079118A800215C
:10AFE000CDE900320891FBF70DFADDE9003202A944
:10AFF0003046FFF713F8051E07DB02A93046FDF7C0
:10B0000055FE002818BF4FF0FF35BDF814305B0621
:10B0100003D5A38943F04003A3811898FBF7F4F903
:10B0200028460DF58E6D70BD9368002B00F085806D
:10B030002DE9F04FB1F90C300C461907804683B06A
:10B04000174698B225D523691BB310F002033D685B
:10B050002DD04FF0000ADFF8C0B25646B9465E4523
:10B060003346524628BF5B464046002E52D0E16927
:10B07000676AB847002856DDD9F808301B1A8244A1
:10B08000361AC9F80830002BE9D1002003B0BDE81A
:10B09000F08F2146404600F041F9002840F0388109
:10B0A000B4F90C303D6898B210F00203D1D110F021
:10B0B000010944D14E46009746B38205D4F808B042
:10B0C00040F18580B3455A4600F2B48010F4906F89
:10B0D00040F0C180206801924946FAF7A7FFA368B3
:10B0E000019AA3EB0B012368A1601344B2462360CD
:10B0F0000026009A9368A3EB0A03D1449360002BC7
:10B10000C3D0B4F90C0080B2002ED6D1D5E9009698
:10B110000835D1E7D5E900A60835A0E72146404625
:10B12000FDF7C4FD88B3B4F90C3043F040034FF091
:10B13000FF30A38103B0BDE8F08F002070471E46AA
:10B14000BA469946184600951F4666B3002832D085
:10B150004A46D4E904132068A568B24228BF3246A3
:10B16000884204D905EB030B5A4500F3A7809342AC
:10B1700064DCE169656A3A464046A847B0F1000BD5
:10B18000D1DDB9EB0B09C9D00120DAF80830A3EB07
:10B190000B035F44A6EB0B06CAF80830002B3FF404
:10B1A00074AF002ED2D1009A56681346083200922E
:10B1B000002EF8D01F6832460A213846FDF738FEC7
:10B1C000002800F09C800130A0EB0709C0E7206850
:10B1D0002369984216D86269B24213D86FF00043CF
:10B1E000B34228BF3346E16993FBF2F3676A02FB7F
:10B1F00003F340464A46B847B0F1000A93DDA6EB98
:10B200000A0676E7B345DA4628BFB24652464946B3
:10B21000FAF70CFFA3682268A3EB0A035244A36069
:10B220002260002BEBD121464046FDF73FFD002870
:10B23000E5D078E72068B34632464CE739460192BC
:10B24000FAF7F4FE019AA3689B1AA36023681344DB
:10B250002360934695E723682169A3EB010B63699B
:10B2600003EB430A0AEBDA7A0BF101034FEA6A0AAD
:10B2700033445345524684BF9A46524643052CD523
:10B2800011464046FAF76AF800283BD05A46216931
:10B290000190F8F797FCA289019B22F4906242F09A
:10B2A0008002A28103EB0B002361AAEB0B03C4F81D
:10B2B00014A0A3602060B34632460CE739465A46D4
:10B2C000FAF7B4FE23685B44236021464046FDF74D
:10B2D000EDFC00283FF455AF25E74046FAF706FBA2
:10B2E00003460028DED121694046FBF767F9B4F92F
:10B2F0000C300C2223F08003C8F8002015E7721CE4
:10B30000914626E70C22B4F90C30C8F800200CE76F
:10B310004FF0FF30BAE600BF00FCFF7F38B5314B7D
:10B320001B6805460C4613B15A6B002A4ED0B4F97F
:10B330000C3018079AB21CD5216929B312F001000C
:10B3400007D00020A06060694042A06139B10020B0
:10B3500038BD950758BF6069A0600029F7D1120673
:10B3600058BF0846F4D543F04003A3814FF0FF30A7
:10B3700038BDD1062ED5520714D4216943F00803F5
:10B38000A3819AB20029D9D102F42070B0F5007FD0
:10B39000D4D02146284600F047F9B4F90C30216991
:10B3A0009AB2CBE7216B51B104F14002914204D033
:10B3B0002846FBF703F9B4F90C3000222263216917
:10B3C0000022C4E9001223F02403D7E71846FAF755
:10B3D000DFFDACE7092243F040032A604FF0FF3065
:10B3E000A38138BD001100202DE9F04782B08246CC
:10B3F00088461446FAF750FF012803D108F1FF33BD
:10B40000FE2B36D90DF10409424604F15C0349468E
:10B410005046FDF75DFD421C064632D020B39DF834
:10B4200004C0002509E023685A1C226083F800C08C
:10B430000135B54218D219F801CFA368013B002BA2
:10B44000A360F0DAA769BB4261462246504602DBA0
:10B45000BCF10A0FE7D100F053F9431CE8D10646CE
:10B46000304602B0BDE8F0874646304602B0BDE83F
:10B47000F0875FFA88FC8DF804C006460DF10409D8
:10B48000CFE7A389304643F04003A38102B0BDE873
:10B49000F08700BF30B5536E13F0010FB2F90C30D6
:10B4A000144683B005469AB201D198051CD5900484
:10B4B00006D4626E43F4005342F40052A3816266E4
:10B4C00022462846FFF790FF636EDA07054602D44E
:10B4D000A3899B0502D5284603B030BDA06DFAF7BD
:10B4E00097FF284603B030BDA06D0191FAF78EFF9B
:10B4F000B4F90C3001999AB2D9E700BF2DE9F04FA9
:10B500008BB0DDE9158A149F0391814605921E4692
:10B51000B8F1000F5CD0039B002B5ED0059B1D682B
:10B52000002F6AD0741E4EB3039B0493043D002683
:10B5300001950BE0039B2BBB019B1A68002A3AD0B4
:10B54000BC455CD2013C631C664617D0D8F800307D
:10B550000293019BDAF8E05053F8042F019307A9F6
:10B5600043464846D8F804B0A847421C3AD000EBFE
:10B57000060CBC45DED9029BC8E9003B30460BB047
:10B58000BDE8F08F00280EDD049B019D18445A1E73
:10B5900007A900F1FF3E11F8013B02F8013F724597
:10B5A000F9D101950490059B1A6804321A60019B39
:10B5B0001A68002AC4D1039B0BB1059B1A600CF1D9
:10B5C000FF3600223046C8F800200BB0BDE8F08FEF
:10B5D000039B00F58678002BA0D1059B4FF0FF3729
:10B5E0001D689FE706468A2100223046C9F80010F0
:10B5F000C8F800200BB0BDE8F08F3E46BEE76646B7
:10B60000BCE700BF10B584B0054C069800900798C1
:10B610000190044800680294FFF770FF04B010BD69
:10B62000780B0020001100202DE9F0418B890C4699
:10B63000990796B008D504F143030122C4E9043206
:10B64000236016B0BDE8F081B4F90E10002906465B
:10B6500025DB6A4600F0ACF800281FDB019D05F4ED
:10B660007045A5F50055B5FA85F54FF480686D096C
:10B670004FF4006741463046F9F770FEE0B1B4F987
:10B680000C30C4F8148043F0800320602061A38153
:10B6900035BB3B43A38116B0BDE8F081A38913F00D
:10B6A000800519D04FF040080025414630462F460E
:10B6B000F9F754FE0028E2D1B4F90C309A05C0D451
:10B6C00023F0030304F1430243F002030121C4E920
:10B6D0000421A3812260B4E74FF480682F46C9E7B4
:10B6E000B4F90E10304600F079F810B9B4F90C3006
:10B6F000CFE7A38923F0030343F001031BB2C8E79C
:10B70000F8B50D461446064610B1436B002B4CD0DD
:10B71000B4F90C20A369A360170790B21BD5236965
:10B72000CBB1EDB281042F4622D522686169D31ACC
:10B73000994229DD0133A1680139A160511C2160C2
:10B74000157062699A4227D0A389DB0701D50A2DBB
:10B7500022D03846F8BD21463046FFF7DFFD08BB52
:10B76000B4F90C20236990B2EDB281042F46DCD4E9
:10B7700042F40052A281626E616922F40052626654
:10B780002268D31A9942D5DC21463046FDF78EFA5D
:10B7900040B922680123CEE721463046FDF786FAFC
:10B7A0000028D6D04FF0FF37D3E7FAF7F1FBAFE729
:10B7B00070B50C46084D03460026204611461C462F
:10B7C0002E60F8F7ADFB431C00D070BD2B68002B3A
:10B7D000FBD0236070BD00BF181E002038B5074D98
:10B7E0000022044608462A60F8F7A0FB431C00D05C
:10B7F00038BD2B68002BFBD0236038BD181E0020FD
:10B800005FF800F0651700605FF800F0491B00600A
:10B810005FF800F0F11B0060000000000000000075
:04B82000F8B500BFB8
:10B824000000000000000000000000000000000014
:10B834000000000000000000000000000000000004
:10B8440000000000000000000000000000000000F4
:10B8540000000000000000000000000000000000E4
:10B8640000000000000000000000000000000000D4
:10B8740000000000000000000000000000000000C4
:10B8840000000000000000000000000000000000B4
:10B8940000000000000000000000000000000000A4
:10B8A4000000000000000000000000000000000094
:10B8B4000000000000000000000000000000000084
:10B8C4000000000000000000000000000000000074
:10B8D4000000000000000000000000000000000064
:10B8E4000000000000000000000000000000000054
:10B8F4000000000000000000000000000000000044
:10B904000000000000000000000000000000000033
:10B914000000000000000000000000000000000023
:10B924000000000000000000000000000000000013
:10B934000000000000000000000000000000000003
:10B9440000000000000000000000000000000000F3
:10B9540000000000000000000000000000000000E3
:10B9640000000000000000000000000000000000D3
:10B9740000000000000000000000000000000000C3
:10B9840000000000000000000000000000000000B3
:10B9940000000000000000000000000000000000A3
:10B9A4000000000000000000000000000000000093
:10B9B4000000000000000000000000000000000083
:10B9C4000000000000000000000000000000000073
:10B9D4000000000000000000000000000000000063
:10B9E4000000000000000000000000000000000053
:10B9F4000000000000000000000000000000000043
:10BA04000000000000000000000000000000000032
:10BA14000000000000000000000000000000000022
:10BA24000000000000000000000000000000000012
:10BA34000000000000000000000000000000000002
:10BA440000000000000000000000000000000000F2
:10BA540000000000000000000000000000000000E2
:10BA640000000000000000000000000000000000D2
:10BA740000000000000000000000000000000000C2
:10BA840000000000000000000000000000000000B2
:10BA940000000000000000000000000000000000A2
:10BAA4000080E03779C34143176E05B5B5B89346B6
:10BAB400F5F93FE9034F384D321D30F94877825A82
:10BAC4003CBF737FDD4F1575000000000000F03FA0
:10BAD4000000000000002440000000000000594065
:10BAE4000000000000408F40000000000088C340B8
:10BAF40000000000006AF8400000000080842E412D
:10BB040000000000D01263410000000084D7974178
:10BB14000000000065CDCD41000000205FA002427E
:10BB2400000000E876483742000000A2941A6D42F3
:10BB3400000040E59C30A2420000901EC4BCD642E6
:10BB440000003426F56B0C430080E03779C3414391
:10BB540000A0D8855734764300C84E676DC1AB4307
:10BB6400003D9160E458E143408CB5781DAF154425
:10BB740050EFE2D6E41A4B4492D54D06CFF0804400
:10BB8400F64AE1C7022DB544B49DD9794378EA4415
:10BB940007080C0B06050F000D0E01021F1F0708F6
:10BBA4000C0B06050F000D0E01021F1F07080C0BDE
:10BBB40006050F000D0E1F1F030407080C0B0605D6
:10BBC4000F000D0E1F1F03046E616E00696E660088
:10BBD4006F766600000000000000000041140000C1
:10BBE400BD2A0000B92A0000B52A0000B12A0000CD
:10BBF4006516000069160000AD2A00000000000070
:10BC040000000000D50E0000010F0000890E0000A6
:10BC1400D10E00008D0E0000990E0000B90E000038
:10BC24002C2066756E6374696F6E3A200000000004
:10BC3400617373657274696F6E20222573222066A6
:10BC440061696C65643A2066696C652022257322FB
:10BC54002C206C696E65202564257325730A000009
:10BC640042616C6C6F6320737563636565646564BE
:10BC7400000000002F566F6C756D65732F6461743E
:10BC8400612F6A656E6B696E732F776F726B737059
:10BC94006163652F474E552D746F6F6C63686169DE
:10BCA4006E2F61726D2D31312F7372632F6E657734
:10BCB4006C69622D63796777696E2F6E65776C693D
:10BCC400622F6C6962632F7374646C69622F6D7088
:10BCD4007265632E630000000020202020202020B5
:10BCE4002020282828282820202020202020202028
:10BCF4002020202020202020208810101010101038
:10BD04001010101010101010100404040404040483
:10BD1400040404101010101010104141414141411D
:10BD240001010101010101010101010101010101FF
:10BD3400010101011010101010104242424242420F
:10BD440002020202020202020202020202020202CF
:10BD54000202020210101010200000000000000077
:10BD640000000000000000000000000000000000CF
:10BD740000000000000000000000000000000000BF
:10BD840000000000000000000000000000000000AF
:10BD9400000000000000000000000000000000009F
:10BDA400000000000000000000000000000000008F
:10BDB400000000000000000000000000000000007F
:10BDC400000000000000000000000000000000006F
:10BDD400000000000000000000000000496E6669D9
:10BDE4006E697479000000004E614E002F566F6C2E
:10BDF400756D65732F646174612F6A656E6B696E0E
:10BE0400732F776F726B73706163652F474E552D77
:10BE1400746F6F6C636861696E2F61726D2D31315F
:10BE24002F7372632F6E65776C69622D6379677700
:10BE3400696E2F6E65776C69622F6C6962632F730C
:10BE440074646C69622F64746F612E630000000077
:10BE5400494E46004E414E00303132333435363788
:10BE64003839616263646566000000003031323342
:10BE740034353637383941424344454600000000E2
:10BE8400286E756C6C2900003000000020202020F2
:10BE9400202020202020202020202020202020209E
:10BEA40020202020202020202020202000000042CC
:10BEB400C8801F40B8821F400800000000000042F4
:10BEC400C4801F40B4821F400400000000C0004230
:10BED40024801F4014821F401000000000C0004254
:10BEE40028801F4018821F402000000000C000422C
:10BEF4002C801F401C821F404000000000C00042F4
:10BF040034801F4024821F40000100000040004292
:10BF140064811F4054831F4000040000004000421D
:10BF240080811F4070831F400000020000400042D7
:10BF34007C811F406C831F400000010000400042D0
:10BF440068811F4058831F400008000000400042E1
:10BF54003C811F402C831F40010000000040004230
:10BF640044811F4034831F4004000000004000420D
:10BF740040811F4030831F40020000000040004207
:10BF840048811F4038831F40080000000000004221
:10BF940004811F40F4821F4000000400000000429E
:10BFA40008811F40F8821F40000008000000004282
:10BFB40018811F4008831F400000800000000042D9
:10BFC40014811F4004831F40000040000000004211
:10BFD40000811F40F0821F40000002000000004268
:10BFE400FC801F40EC821F40000001000000004262
:10BFF40024811F4014831F400000000400000042FD
:10C0040028811F4018831F400000000800000042E0
:10C014001C811F400C831F400000000100000042EF
:10C0240020811F4010831F400000000200000042D6
:10C03400EC801F40DC821F40001000000000004222
:10C04400F0801F40E0821F400020000000000042FA
:10C0540034811F4024831F40000000400000004240
:10C0640038811F4028831F40000000800080004268
:10C0740094801F4084821F400000040000C00042DE
:10C0840090801F4080821F4000000080008000429A
:10C09400A8801F4098821F4000008000008000425A
:10C0A400A4801F4094821F400000400000400042D2
:10C0B4006C811F405C831F400010000000C00042E0
:10C0C40030801F4020821F4080000000008000421A
:10C0D400C8811F40B8831F400080000000800042D8
:10C0E400C4811F40B4831F40004000000080004210
:10C0F400C0811F40B0831F40002000000080004228
:10C10400BC811F40AC831F4000100000008000422F
:10C11400D0811F40C0831F40000002000080004205
:10C12400CC811F40BC831F4000000100322E32002E
:10C1340025642D25303475004E4F5F5345524941D7
:10C144004C0000003B0000007300000005000000EC
:10C15400190000007D0000002E0000004C435F43E6
:10C164004F4C4C41544500004C435F435459504597
:10C17400000000004C435F4D4F4E4554415259005E
:10C184004C435F4E554D4552494300004C435F5468
:10C19400494D45004C435F4D45535341474553007A
:10C1A400000100000411002012000000000600003D
:10C1B400301E00600A00000000020000CC1D006078
:10C1C4006200000000070000681D006062000000BB
:10C1D400EE0300004811002012000000000004EEED
:10C1E400201100202800000000030000641D0060EE
:10C1F40000000000010309044C1D00600000000061
:10C2040002030904341D0060000000000303090454
:10C214005C1100200000000000000000000000008D
:10C2240000000000303030303030303030303030CA
:10C2340030303030303030303030303030303030FA
:10C24400303030300000000000000000C41C00202A
:10C254002C1D0020941D00200000000000000000A0
:10C2640000000000000000000000000000000000CA
:10C2740000000000000000000000000000000000BA
:10C2840000000000000000000000000000000000AA
:10C29400000000000000000000000000000000009A
:10C2A400000000000000000000000000000000008A
:10C2B400000000000000000000000000000000007A
:10C2C400000000000000000000000000000000006A
:10C2D400000000000000000000000000000000005A
:10C2E40001000000000000000E33CDAB34126DE6F7
:10C2F400ECDE05000B000000000000000000000060
:10C304000000000000000000000000000000000029
:10C314000000000000000000000000000000000019
:10C324000000000000000000000000000000000009
:10C3340000000000000000000000000000000000F9
:10C3440000000000000000000000000000000000E9
:10C3540000000000000000000000000000000000D9
:10C36400000000000000000088130000040000002A
:10C37400020000000029DE07007B9A17BC0300209E
:10C3840000000000E803000000000000640000005A
:10C394000300000080302020430000000000000063
:10C3A4000000000000000000000000000000000089
:10C3B4000000000000000000430000000000000036
:10C3C4000000000000000000000000000000000069
:10C3D4000000000000000000430000000000000016
:10C3E4000000000000000000000000000000000049
:10C3F40000000000000000004300000000000000F6
:10C404000000000000000000000000000000000028
:10C4140000000000000000004300000000000000D5
:10C424000000000000000000000000000000000008
:10C4340000000000000000004300000000000000B5
:10C4440000000000000000000000000000000000E8
:10C454000000000000000000430000000000000095
:10C4640000000000000000000000000000000000C8
:10C4740000000000000000004D6F0000894900002A
:10C4840000000000B8040020380900200C0400203B
:10C494000C0400200C0400200C0400200C040020D8
:10C4A4000C0400200C0400200C0400200C040020C8
:10C4B400FFFFFFFFFFFFFFFFFFFFFFFFFFFF000086
:10C4C40001004153434949000000000000000000FE
:10C4D4000000000000000000000000000000000058
:10C4E40000004153434949000000000000000000DF
:10C4F4000000000000000000000000000000000038
:10C50400000000000000000000000000E40C002017
:10C51400E40C0020EC0C0020EC0C0020F40C0020B7
:10C52400F40C0020FC0C0020FC0C0020040D002066
:10C53400040D00200C0D00200C0D0020140D002013
:10C54400140D00201C0D00201C0D0020240D0020C3
:10C55400240D00202C0D00202C0D0020340D002073
:10C56400340D00203C0D00203C0D0020440D002023
:10C57400440D00204C0D00204C0D0020540D0020D3
:10C58400540D00205C0D00205C0D0020640D002083
:10C59400640D00206C0D00206C0D0020740D002033
:10C5A400740D00207C0D00207C0D0020840D0020E3
:10C5B400840D00208C0D00208C0D0020940D002093
:10C5C400940D00209C0D00209C0D0020A40D002043
:10C5D400A40D0020AC0D0020AC0D0020B40D0020F3
:10C5E400B40D0020BC0D0020BC0D0020C40D0020A3
:10C5F400C40D0020CC0D0020CC0D0020D40D002053
:10C60400D40D0020DC0D0020DC0D0020E40D002002
:10C61400E40D0020EC0D0020EC0D0020F40D0020B2
:10C62400F40D0020FC0D0020FC0D0020040E002061
:10C63400040E00200C0E00200C0E0020140E00200E
:10C64400140E00201C0E00201C0E0020240E0020BE
:10C65400240E00202C0E00202C0E0020340E00206E
:10C66400340E00203C0E00203C0E0020440E00201E
:10C67400440E00204C0E00204C0E0020540E0020CE
:10C68400540E00205C0E00205C0E0020640E00207E
:10C69400640E00206C0E00206C0E0020740E00202E
:10C6A400740E00207C0E00207C0E0020840E0020DE
:10C6B400840E00208C0E00208C0E0020940E00208E
:10C6C400940E00209C0E00209C0E0020A40E00203E
:10C6D400A40E0020AC0E0020AC0E0020B40E0020EE
:10C6E400B40E0020BC0E0020BC0E0020C40E00209E
:10C6F400C40E0020CC0E0020CC0E0020D40E00204E
:10C70400D40E0020DC0E0020DC0E0020E40E0020FD
:10C71400E40E0020EC0E0020EC0E0020F40E0020AD
:10C72400F40E0020FC0E0020FC0E0020040F00205C
:10C73400040F00200C0F00200C0F0020140F002009
:10C74400140F00201C0F00201C0F0020240F0020B9
:10C75400240F00202C0F00202C0F0020340F002069
:10C76400340F00203C0F00203C0F0020440F002019
:10C77400440F00204C0F00204C0F0020540F0020C9
:10C78400540F00205C0F00205C0F0020640F002079
:10C79400640F00206C0F00206C0F0020740F002029
:10C7A400740F00207C0F00207C0F0020840F0020D9
:10C7B400840F00208C0F00208C0F0020940F002089
:10C7C400940F00209C0F00209C0F0020A40F002039
:10C7D400A40F0020AC0F0020AC0F0020B40F0020E9
:10C7E400B40F0020BC0F0020BC0F0020C40F002099
:10C7F400C40F0020CC0F0020CC0F0020D40F002049
:10C80400D40F0020DC0F0020DC0F0020E40F0020F8
:10C81400E40F0020EC0F0020EC0F0020F40F0020A8
:10C82400F40F0020FC0F0020FC0F00200410002057
:10C83400041000200C1000200C1000201410002004
:10C84400141000201C1000201C10002024100020B4
:10C85400241000202C1000202C1000203410002064
:10C86400341000203C1000203C1000204410002014
:10C87400441000204C1000204C10002054100020C4
:10C88400541000205C1000205C1000206410002074
:10C89400641000206C1000206C1000207410002024
:10C8A400741000207C1000207C10002084100020D4
:10C8B400841000208C1000208C1000209410002084
:10C8C400941000209C1000209C100020A410002034
:10C8D400A4100020AC100020AC100020B4100020E4
:10C8E400B4100020BC100020BC100020C410002094
:10C8F400C4100020CC100020CC100020D410002044
:10C90400D4100020DC100020DC100020FFFFFFFF0B
:10C91400000002000000000003000000C41C00200E
:10C92400280A002012010002EF020140C01683040D
:10C934007902010203010000060000000700000064
:10C9440028000000000104000100000000000000B5
:10C95400020157494E5553420000000000000000F8
:10C96400000000000000000012034D0053004600C8
:10C974005400310030003000F80000000C030000C7
:10C9840000000000000000000000000000000000A3
:10C994000000010100000000000000000000000091
:10C9A4000000000000000000000000000000000083
:10C9B4000000000000000000000000000000000073
:10C9C4000000000000000000000000000000000063
:10C9D4000000000000000000000000000000000053
:10C9E4000000000000000000000000000000000043
:10C9F4000000000000000000000000000000000033
:10CA04000000000000000000000000000000000022
:10CA14000000000000000000000000000000000012
:10CA24000000000000000000000000000000000002
:10CA340000000000000000000000000000000000F2
:10CA440000000000000000000000000000000000E2
:10CA540000000000000000000000000000000000D2
:10CA640000000000000000000000000000000000C2
:10CA740000000000000000000000000000000000B2
:10CA840000000000000000000000000000000000A2
:10CA94000000000000000000000000000000000092
:10CAA4000000000000000000000000000000000082
:10CAB4000000000000000000000000000000000072
:10CAC4000000000000000000000000000000000062
:10CAD4000000000000000000000000000000000052
:10CAE4000000000000000000000000000000000042
:10CAF4000000000000000000000000000000000032
:10CB04000000000000000000000000000000000021
:10CB14000000000000000000000000000000000011
:10CB24000000000000000000000000000000000001
:10CB340000000000000000000000000000000000F1
:10CB440000000000000000000000000000000000E1
:10CB540000000000000000000000000000000000D1
:10CB640000000000000000000000000000000000C1
:10CB740000000000000000000000000000000000B1
:10CB840000000000000000000000000000000000A1
:10CB94000000000000000000000000000000000091
:10CBA4000000000000000000000000000000000081
:10CBB4000000000000000000000000000000000071
:10CBC4000000000000000000000000000000000061
:10CBD4000000000000000000000000000000000051
:10CBE4000000000000000000000000000000000041
:10CBF4000000000000000000000000000000000031
:10CC04000000000000000000000000000000000020
:10CC14000000000000000000000000000000000010
:10CC24000000000000000000000000000000000000
:10CC340000000000000000000000000000000000F0
:10CC440000000000000000000000000000000000E0
:10CC540000000000000000000000000000000000D0
:10CC640000000000000000000000000000000000C0
:10CC740000000000000000000000000000000000B0
:10CC840000000000000000000000000000000000A0
:10CC94000000000000000000000000000000000090
:10CCA4000000000000000000000000000000000080
:10CCB4000000000000000000000000000000000070
:10CCC4000000000000000000000000000000000060
:10CCD4000000000000000000000000000000000050
:10CCE4000000000000000000000000000000000040
:10CCF4000000000000000000000000000000000030
:10CD0400000000000000000000000000000000001F
:10CD1400000000000000000000000000000000000F
:10CD240000000000000000000000000000000000FF
:10CD340000000000000000000000000000000000EF
:10CD440000000000000000000000000000000000DF
:10CD540000000000000000000000000000000000CF
:10CD640000000000000000000000000000000000BF
:10CD740000000000000000000000000000000000AF
:10CD8400000000000000000000000000000000009F
:10CD9400000000000000000000000000000000008F
:10CDA400000000000000000000000000000000007F
:10CDB400000000000000000000000000000000006F
:10CDC400000000000000000000000000000000005F
:10CDD400000000000000000000000000000000004F
:10CDE400000000000000000000000000000000003F
:10CDF400000000000000000000000000000000002F
:10CE0400000000000000000000000000000000001E
:10CE1400000000000000000000000000000000000E
:10CE240000000000000000000000000000000000FE
:10CE340000000000000000000000000000000000EE
:10CE440000000000000000000000000000000000DE
:10CE540000000000000000000000000000000000CE
:10CE640000000000000000000000000000000000BE
:10CE740000000000000000000000000000000000AE
:10CE8400000000000000000000000000000000009E
:10CE9400000000000000000000000000000000008E
:10CEA400000000000000000000000000000000007E
:10CEB400000000000000000000000000000000006E
:10CEC400000000000000000000000000000000005E
:10CED400000000000000000000000000000000004E
:10CEE400FFFFFFFFFFFFFFFFFFFFFFFFFFFFFFFF4E
:10CEF400FFFFFFFFFFFFFFFFFFFFFFFFFFFFFFFF3E
:10CF0400FFFFFFFFFFFFFFFFFFFFFFFFFFFFFFFF2D
:10CF1400FFFFFFFFFFFFFFFFFFFFFFFFFFFFFFFF1D
:10CF2400FFFFFFFFFFFFFFFFFFFFFFFFFFFFFFFF0D
:10CF3400FFFFFFFFFFFFFFFFFFFFFFFFFFFFFFFFFD
:10CF4400FFFFFFFFFFFFFFFFFFFFFFFFFFFFFFFFED
:10CF5400FFFFFFFFFFFFFFFFFFFFFFFFFFFFFFFFDD
:10CF6400FFFFFFFFFFFFFFFFFFFFFFFFFFFFFFFFCD
:10CF7400FFFFFFFFFFFFFFFFFFFFFFFFFFFFFFFFBD
:10CF8400FFFFFFFFFFFFFFFFFFFFFFFFFFFFFFFFAD
:10CF9400FFFFFFFFFFFFFFFFFFFFFFFFFFFFFFFF9D
:10CFA400FFFFFFFFFFFFFFFFFFFFFFFFFFFFFFFF8D
:10CFB400FFFFFFFFFFFFFFFFFFFFFFFFFFFFFFFF7D
:10CFC400FFFFFFFFFFFFFFFFFFFFFFFFFFFFFFFF6D
:10CFD400FFFFFFFFFFFFFFFFFFFFFFFFFFFFFFFF5D
:10CFE400FFFFFFFFFFFFFFFFFFFFFFFFFFFFFFFF4D
:10CFF400FFFFFFFFFFFFFFFFFFFFFFFF0000000039
:10D00400000000000000000000000000000000001C
:10D01400000000000000000000000000000000000C
:10D0240000000000000000000000000000000000FC
:10D0340000000000000000000000000000000000EC
:10D0440000000000000000000000000000000000DC
:10D0540000000000000000000000000000000000CC
:10D0640000000000000000000000000000000000BC
:10D0740000000000000000000000000000000000AC
:10D08400000000000000000000000000000000009C
:10D09400000000000000000000000000000000008C
:10D0A400000000000000000000000000000000007C
:10D0B400000000000000000000000000000000006C
:10D0C400000000000000000000000000000000005C
:10D0D400000000000000000000000000000000004C
:10D0E400000000000000000000000000000000003C
:10D0F400000000000000000000000000000000002C
:10D10400000000000000000000000000000000001B
:10D11400000000000000000000000000000000000B
:10D1240000000000000000000000000000000000FB
:10D1340000000000000000000000000000000000EB
:10D1440000000000000000000000000000000000DB
:10D1540000000000000000000000000000000000CB
:10D1640000000000000000000000000000000000BB
:10D1740000000000000000000000000000000000AB
:10D18400000000000000000000000000000000009B
:10D19400000000000000000000000000000000008B
:10D1A400000000000000000000000000000000007B
:10D1B400000000000000000000000000000000006B
:10D1C400000000000000000000000000000000005B
:10D1D400000000000000000000000000000000004B
:10D1E400000000000000000000000000000000003B
:10D1F400000000000000000000000000000000002B
:10D20400000000000000000000000000000000001A
:10D21400000000000000000000000000000000000A
:10D2240000000000000000000000000000000000FA
:10D2340000000000000000000000000000000000EA
:10D2440000000000000000000000000000000000DA
:10D2540000000000000000000000000000000000CA
:10D2640000000000000000000000000000000000BA
:10D2740000000000000000000000000000000000AA
:10D28400000000000000000000000000000000009A
:10D29400000000000000000000000000000000008A
:10D2A400000000000000000000000000000000007A
:10D2B400000000000000000000000000000000006A
:10D2C400000000000000000000000000000000005A
:10D2D400000000000000000000000000000000004A
:10D2E400000000000000000000000000000000003A
:10D2F400000000000000000000000000000000002A
:10D304000000000000000000000000000000000019
:10D314000000000000000000000000000000000009
:10D3240000000000000000000000000000000000F9
:10D3340000000000000000000000000000000000E9
:10D3440000000000000000000000000000000000D9
:10D3540000000000000000000000000000000000C9
:10D3640000000000000000000000000000000000B9
:10D3740000000000000000000000000000000000A9
:10D384000000000000000000000000000000000099
:10D394000000000000000000000000000000000089
:10D3A4000000000000000000000000000000000079
:10D3B4000000000000000000000000000000000069
:10D3C4000000000000000000000000000000000059
:10D3D4000000000000000000000000000000000049
:10D3E4000000000000000000000000000000000039
:10D3F4000000000000000000000000000000000029
:10D404000000000000000000000000000000000018
:10D414000000000000000000000000000000000008
:10D4240000000000000000000000000000000000F8
:10D4340000000000000000000000000000000000E8
:10D4440000000000000000000000000000000000D8
:10D4540000000000000000000000000000000000C8
:10D4640000000000000000000000000000000000B8
:10D4740000000000000000000000000000000000A8
:10D484000000000000000000000000000000000098
:10D494000000000000000000000000000000000088
:10D4A4000000000000000000000000000000000078
:10D4B4000000000000000000000000000000000068
:10D4C4000000000000000000000000000000000058
:10D4D4000000000000000000000000000000000048
:10D4E4000000000000000000000000000000000038
:10D4F4000000000000000000000000000000000028
:10D504000000000000000000000000000000000017
:10D514000000000000000000000000000000000007
:10D5240000000000000000000000000000000000F7
:10D5340000000000000000000000000000000000E7
:10D5440000000000000000000000000000000000D7
:10D5540000000000000000000000000000000000C7
:10D5640000000000000000000000000000000000B7
:10D5740000000000000000000000000000000000A7
:10D584000000000000000000000000000000000097
:10D594000000000000000000000000000000000087
:10D5A4000000000000000000000000000000000077
:10D5B4000000000000000000000000000000000067
:10D5C4000000000000000000000000000000000057
:10D5D4000000000000000000000000000000000047
:10D5E4000000000000000000000000000000000037
:10D5F4000000000000000000000000000000000027
:10D604000000000000000000000000000000000016
:10D614000000000000000000000000000000000006
:10D6240000000000000000000000000000000000F6
:10D6340000000000000000000000000000000000E6
:10D6440000000000000000000000000000000000D6
:10D6540000000000000000000000000000000000C6
:10D6640000000000000000000000000000000000B6
:10D6740000000000000000000000000000000000A6
:10D684000000000000000000000000000000000096
:10D694000000000000000000000000000000000086
:10D6A4000000000000000000000000000000000076
:10D6B4000000000000000000000000000000000066
:10D6C4000000000000000000000000000000000056
:10D6D4000000000000000000000000000000000046
:10D6E4000000000000000000000000000000000036
:10D6F4000000000000000000000000000000000026
:10D704000000000000000000000000000000000015
:10D714000000000000000000000000000000000005
:10D7240000000000000000000000000000000000F5
:10D7340000000000000000000000000000000000E5
:10D7440000000000000000000000000000000000D5
:10D7540000000000000000000000000000000000C5
:10D7640000000000000000000000000000000000B5
:10D7740000000000000000000000000000000000A5
:10D784000000000000000000000000000000000095
:10D794000000000000000000000000000000000085
:10D7A4000000000000000000000000000000000075
:10D7B4000000000000000000000000000000000065
:10D7C4000000000000000000000000000000000055
:10D7D4000000000000000000000000000000000045
:10D7E4000000000000000000000000000000000035
:10D7F4000000000000000000000000000000000025
:10D804000000000000000000000000000000000014
:10D814000000000000000000000000000000000004
:10D8240000000000000000000000000000000000F4
:10D8340000000000000000000000000000000000E4
:10D8440000000000000000000000000000000000D4
:10D8540000000000000000000000000000000000C4
:10D8640000000000000000000000000000000000B4
:10D8740000000000000000000000000000000000A4
:10D884000000000000000000000000000000000094
:10D894000000000000000000000000000000000084
:10D8A4000000000000000000000000000000000074
:10D8B4000000000000000000000000000000000064
:10D8C4000000000000000000000000000000000054
:10D8D4000000000000000000000000000000000044
:10D8E4000000000000000000000000000000000034
:10D8F4000000000000000000000000000000000024
:10D904000000000000000000000000000000000013
:10D914000000000000000000000000000000000003
:10D9240000000000000000000000000000000000F3
:10D9340000000000000000000000000000000000E3
:10D9440000000000000000000000000000000000D3
:10D9540000000000000000000000000000000000C3
:10D9640000000000000000000000000000000000B3
:10D9740000000000000000000000000000000000A3
:10D984000000000000000000000000000000000093
:10D994000000000000000000000000000000000083
:10D9A4000000000000000000000000000000000073
:10D9B4000000000000000000000000000000000063
:10D9C4000000000000000000000000000000000053
:10D9D4000000000000000000000000000000000043
:10D9E4000000000000000000000000000000000033
:10D9F4000000000000000000000000000000000023
:10DA04000000000000000000000000000000000012
:10DA14000000000000000000000000000000000002
:10DA240000000000000000000000000000000000F2
:10DA340000000000000000000000000000000000E2
:10DA440000000000000000000000000000000000D2
:10DA540000000000000000000000000000000000C2
:10DA640000000000000000000000000000000000B2
:10DA740000000000000000000000000000000000A2
:10DA84000000000000000000000000000000000092
:10DA94000000000000000000000000000000000082
:10DAA4000000000000000000000000000000000072
:10DAB4000000000000000000000000000000000062
:10DAC4000000000000000000000000000000000052
:10DAD4000000000000000000000000000000000042
:10DAE4000000000000000000000000000000000032
:10DAF4000000000000000000000000000000000022
:10DB04000000000000000000000000000000000011
:10DB14000000000000000000000000000000000001
:10DB240000000000000000000000000000000000F1
:10DB340000000000000000000000000000000000E1
:10DB440000000000000000000000000000000000D1
:10DB540000000000000000000000000000000000C1
:10DB640000000000000000000000000000000000B1
:10DB740000000000000000000000000000000000A1
:10DB84000000000000000000000000000000000091
:10DB94000000000000000000000000000000000081
:10DBA4000000000000000000000000000000000071
:10DBB4000000000000000000000000000000000061
:10DBC4000000000000000000000000000000000051
:10DBD4000000000000000000000000000000000041
:10DBE4000000000000000000000000000000000031
:0CDBF40000000000000000000000000025
:040000056000100087
:00000001FF
